time,AERONET_Site,Day_of_Year,Day_of_Year(Fraction),AOD_Coincident_Input[440nm],AOD_Coincident_Input[675nm],AOD_Coincident_Input[870nm],AOD_Coincident_Input[1020nm],Angstrom_Exponent_440-870nm_from_Coincident_Input_AOD,AOD_Extinction-Total[440nm],AOD_Extinction-Total[675nm],AOD_Extinction-Total[870nm],AOD_Extinction-Total[1020nm],AOD_Extinction-Fine[440nm],AOD_Extinction-Fine[675nm],AOD_Extinction-Fine[870nm],AOD_Extinction-Fine[1020nm],AOD_Extinction-Coarse[440nm],AOD_Extinction-Coarse[675nm],AOD_Extinction-Coarse[870nm],AOD_Extinction-Coarse[1020nm],Extinction_Angstrom_Exponent_440-870nm-Total,Single_Scattering_Albedo[440nm],Single_Scattering_Albedo[675nm],Single_Scattering_Albedo[870nm],Single_Scattering_Albedo[1020nm],Absorption_AOD[440nm],Absorption_AOD[675nm],Absorption_AOD[870nm],Absorption_AOD[1020nm],Absorption_Angstrom_Exponent_440-870nm,Refractive_Index-Real_Part[440nm],Refractive_Index-Real_Part[675nm],Refractive_Index-Real_Part[870nm],Refractive_Index-Real_Part[1020nm],Refractive_Index-Imaginary_Part[440nm],Refractive_Index-Imaginary_Part[675nm],Refractive_Index-Imaginary_Part[870nm],Refractive_Index-Imaginary_Part[1020nm],Asymmetry_Factor-Total[440nm],Asymmetry_Factor-Total[675nm],Asymmetry_Factor-Total[870nm],Asymmetry_Factor-Total[1020nm],Asymmetry_Factor-Fine[440nm],Asymmetry_Factor-Fine[675nm],Asymmetry_Factor-Fine[870nm],Asymmetry_Factor-Fine[1020nm],Asymmetry_Factor-Coarse[440nm],Asymmetry_Factor-Coarse[675nm],Asymmetry_Factor-Coarse[870nm],Asymmetry_Factor-Coarse[1020nm],Sphericity_Factor(%),0.050000,0.065604,0.086077,0.112939,0.148184,0.194429,0.255105,0.334716,0.439173,0.576227,0.756052,0.991996,1.301571,1.707757,2.240702,2.939966,3.857452,5.061260,6.640745,8.713145,11.432287,15.000000,Inflection_Radius_of_Size_Distribution(um),VolC-T,REff-T,VMR-T,Std-T,VolC-F,REff-F,VMR-F,Std-F,VolC-C,REff-C,VMR-C,Std-C,Minimum_Altitude_For_Flux_Calculations(km),Maximum_Altitude_For_Flux_Calculations(km),Flux_Down(BOA),Flux_Down(TOA),Flux_Up(BOA),Flux_Up(TOA),Rad_Forcing(BOA),Rad_Forcing(TOA),Forcing_Eff(BOA),Forcing_Eff(TOA),Diffuse(BOA),Diffuse(TOA),Spectral_Flux_Down[440nm],Spectral_Flux_Down[675nm],Spectral_Flux_Down[870nm],Spectral_Flux_Down[1020nm],Spectral_Flux_Up[440nm],Spectral_Flux_Up[675nm],Spectral_Flux_Up[870nm],Spectral_Flux_Up[1020nm],Spectral_Flux_Diffuse[440nm],Spectral_Flux_Diffuse[675nm],Spectral_Flux_Diffuse[870nm],Spectral_Flux_Diffuse[1020nm],Lidar_Ratio[440nm],Lidar_Ratio[675nm],Lidar_Ratio[870nm],Lidar_Ratio[1020nm],Depolarization_Ratio[440nm],Depolarization_Ratio[675nm],Depolarization_Ratio[870nm],Depolarization_Ratio[1020nm],Average_Solar_Zenith_Angles_for_Flux_Calculation(Degrees),Solar_Zenith_Angle_for_Measurement_Start(Degrees),Sky_Residual(%),Sun_Residual(%),Coincident_AOD440nm,Scattering_Angle_Bin_3.2_to_<6_degrees[440nm],Scattering_Angle_Bin_6_to_<30_degrees[440nm],Scattering_Angle_Bin_30_to_<80_degrees[440nm],Scattering_Angle_Bin_80_degrees_and_over[440nm],Scattering_Angle_Bin_3.2_to_<6_degrees[675nm],Scattering_Angle_Bin_6_to_<30_degrees[675nm],Scattering_Angle_Bin_30_to_<80_degrees[675nm],Scattering_Angle_Bin_80_degrees_and_over[675nm],Scattering_Angle_Bin_3.2_to_<6_degrees[870nm],Scattering_Angle_Bin_6_to_<30_degrees[870nm],Scattering_Angle_Bin_30_to_<80_degrees[870nm],Scattering_Angle_Bin_80_degrees_and_over[870nm],Scattering_Angle_Bin_3.2_to_<6_degrees[1020nm],Scattering_Angle_Bin_6_to_<30_degrees[1020nm],Scattering_Angle_Bin_30_to_<80_degrees[1020nm],Scattering_Angle_Bin_80_degrees_and_over[1020nm],Surface_Albedo[440m],Surface_Albedo[675m],Surface_Albedo[870m],Surface_Albedo[1020m],If_Retrieval_is_L2(without_L2_0.4_AOD_440_threshold),If_AOD_is_L2,Last_Processing_Date(dd:mm:yyyy),Last_Processing_Time(hh:mm:ss),Instrument_Number,Latitude(Degrees),Longitude(Degrees),Elevation(m),Inversion_Data_Quality_Level,Retrieval_Measurement_Scan_Type_
2010-08-27 18:11:00,Sao_Paulo,239.0,239.757639,0.9011,0.445726,0.29339,0.228131,1.63821,0.9036,0.4473,0.2942,0.2298,0.8301,0.3707,0.2144,0.1478,0.0734,0.0766,0.0798,0.0819,1.638048,0.8081,0.8101,0.7854,0.7672,0.17338,0.084925,0.063126,0.053494,1.494385,1.5326,1.539,1.5492,1.5494,0.03836,0.025413,0.023971,0.023496,0.668414,0.588436,0.560038,0.557514,0.643736,0.537496,0.471301,0.428626,1.12192,0.940654,0.866437,0.833674,-999.0,0.000666,0.0113,0.052926,0.081048,0.076036,0.05761,0.030832,0.014393,0.008014,0.007127,0.010336,0.017615,0.024433,0.028665,0.037466,0.057469,0.085985,0.091252,0.053087,0.017679,0.00413,0.000766,0.576,0.209,0.287,0.854,1.649,0.091,0.134,0.147,0.452,0.117,2.7,3.359,0.624,0.786,120.0,431.33573,740.60804,55.26283,128.59517,-152.60124,-20.90045,-240.61903,-32.95547,163.43388,0.0,458.176449,589.531776,439.357177,340.146394,23.969578,61.038911,84.143793,68.566327,0.730622,0.420802,0.288198,0.224654,98.05,52.11,39.216,34.437,0.004895,0.010592,0.012454,0.004763,56.339226,55.752716,2.050773,0.020669,0.9011,4.0,10.0,8.0,4.0,4.0,10.0,8.0,4.0,4.0,10.0,8.0,4.0,4.0,10.0,8.0,4.0,0.05264,0.10299,0.19016,0.20031,1.0,1.0,06:01:2018,14:58:17,624.0,-23.5615,-46.734983,786.0,lev20,Almucantar<br>
2010-08-27 18:33:28,Sao_Paulo,239.0,239.773241,0.884012,0.440271,0.290598,0.22656,1.624022,0.8864,0.4418,0.2913,0.2273,0.8102,0.3625,0.2087,0.1425,0.0762,0.0794,0.0826,0.0848,1.624209,0.8187,0.8097,0.7832,0.7669,0.16067,0.084066,0.063152,0.052977,1.378291,1.5558,1.5476,1.5518,1.5477,0.036907,0.026024,0.024598,0.023704,0.670039,0.600531,0.57377,0.571235,0.644352,0.548539,0.483564,0.439606,1.118115,0.944527,0.870842,0.837248,-999.0,0.000694,0.009982,0.044397,0.067949,0.068283,0.057904,0.032413,0.014479,0.00784,0.00703,0.010122,0.017433,0.025184,0.030674,0.041147,0.062344,0.091353,0.093924,0.052144,0.017,0.004031,0.000785,0.576,0.206,0.315,0.951,1.617,0.084,0.137,0.152,0.458,0.122,2.702,3.336,0.613,0.786,120.0,361.6274,651.27619,47.80782,121.56921,-142.73868,-21.98672,-227.81975,-35.09216,147.90754,0.0,379.978519,493.805927,374.465404,292.644345,20.041623,52.196362,73.620486,60.434788,0.779056,0.457882,0.315057,0.24609,93.277,54.499,41.252,35.884,0.004996,0.010099,0.012008,0.004565,60.829609,60.220777,1.822158,0.019801,0.884012,3.0,10.0,8.0,5.0,3.0,10.0,8.0,5.0,3.0,10.0,8.0,5.0,3.0,10.0,8.0,5.0,0.05407,0.10622,0.19649,0.206,1.0,1.0,06:01:2018,14:58:57,624.0,-23.5615,-46.734983,786.0,lev20,Almucantar<br>
2010-08-28 10:33:51,Sao_Paulo,240.0,240.440174,0.803293,0.524769,0.393601,0.324441,1.036228,0.8062,0.5264,0.3943,0.3256,0.7539,0.4726,0.338,0.267,0.0523,0.0538,0.0564,0.0586,1.038756,0.9057,0.9204,0.9154,0.911,0.076017,0.041897,0.03336,0.028987,1.221538,1.4124,1.4153,1.4003,1.3908,0.009633,0.007987,0.008279,0.008477,0.71288,0.70214,0.718664,0.725632,0.696243,0.683487,0.698262,0.701511,1.080031,0.919078,0.870749,0.855354,-999.0,0.000592,0.009827,0.055973,0.093497,0.068967,0.042533,0.031428,0.035099,0.056278,0.078469,0.054202,0.026215,0.017993,0.020786,0.034279,0.059175,0.076217,0.057256,0.025856,0.009052,0.003019,0.00102,0.992,0.233,0.285,0.645,1.439,0.147,0.186,0.246,0.782,0.086,2.863,3.323,0.532,0.786,120.0,169.32064,365.09833,25.1079,104.36729,-84.11096,-35.19323,-131.30373,-54.93937,118.41616,0.0,209.433601,239.270279,179.433431,132.165283,11.179111,26.562444,38.049256,29.683943,0.940243,0.780716,0.668615,0.599743,77.648,61.567,64.999,67.269,0.030335,0.032032,0.028124,0.019303,74.059097,74.710466,1.641688,0.00324,0.803293,4.0,10.0,6.0,6.0,4.0,10.0,6.0,6.0,4.0,10.0,6.0,6.0,4.0,10.0,5.0,6.0,0.06047,0.12138,0.22739,0.23725,1.0,1.0,29:01:2021,10:48:54,624.0,-23.5615,-46.734983,786.0,lev20,Almucantar<br>
2010-08-28 10:56:51,Sao_Paulo,240.0,240.456146,0.795049,0.51738,0.38728,0.318896,1.044846,0.7987,0.5189,0.3876,0.3206,0.7486,0.467,0.3337,0.2654,0.0502,0.0519,0.0539,0.0552,1.050159,0.8951,0.9173,0.915,0.8947,0.083751,0.042898,0.032936,0.033762,1.38275,1.4467,1.446,1.4334,1.4246,0.012382,0.008838,0.008758,0.010923,0.712105,0.70166,0.711978,0.71717,0.693352,0.680737,0.688412,0.689003,1.149697,0.954434,0.894833,0.882075,-999.0,0.000959,0.012371,0.052592,0.080289,0.059829,0.035358,0.027388,0.036464,0.063468,0.070747,0.037264,0.017746,0.013891,0.018622,0.031887,0.052123,0.067771,0.064568,0.042783,0.019017,0.005593,0.001087,0.992,0.22,0.294,0.725,1.511,0.132,0.183,0.241,0.77,0.089,3.198,3.741,0.544,0.786,120.0,247.71488,474.2774,34.64728,117.3547,-97.16177,-35.96641,-152.97094,-56.62531,151.91245,0.0,300.4774,351.06247,259.258943,189.002675,16.095586,38.49726,53.656526,41.319615,0.874855,0.683037,0.569332,0.495264,79.201,64.607,68.496,74.734,0.083723,0.073029,0.062681,0.049619,69.108986,69.749721,3.256136,0.041112,0.795049,4.0,10.0,7.0,6.0,4.0,10.0,7.0,6.0,4.0,10.0,7.0,6.0,4.0,10.0,7.0,6.0,0.05739,0.1143,0.21333,0.22363,1.0,1.0,06:01:2018,15:05:42,624.0,-23.5615,-46.734983,786.0,lev20,Almucantar<br>
2010-08-28 11:47:16,Sao_Paulo,240.0,240.491157,0.771302,0.490432,0.361969,0.295064,1.099202,0.7749,0.4914,0.3625,0.2969,0.7296,0.4445,0.314,0.2471,0.0453,0.0469,0.0486,0.0498,1.104022,0.8798,0.9068,0.9137,0.9129,0.093152,0.045782,0.031276,0.025868,1.599566,1.4846,1.4759,1.4567,1.4441,0.015744,0.010984,0.009328,0.009093,0.709801,0.689515,0.698973,0.704416,0.692241,0.668495,0.675213,0.677148,1.161436,0.961862,0.89197,0.86689,-999.0,0.001174,0.009484,0.034219,0.059475,0.059405,0.041119,0.027656,0.030158,0.05248,0.063037,0.033675,0.016187,0.012557,0.016598,0.028654,0.047581,0.061551,0.056539,0.035599,0.015067,0.00427,0.000813,0.992,0.192,0.311,0.745,1.481,0.114,0.192,0.25,0.748,0.078,3.152,3.675,0.538,0.786,120.0,427.99462,692.88075,54.35021,135.32007,-104.48747,-33.21529,-171.5961,-54.54831,209.31978,0.0,522.381512,594.971488,429.18468,318.191903,27.567023,62.357519,83.631195,65.501935,0.737558,0.528189,0.427969,0.3681,79.65,64.241,66.365,69.127,0.09734,0.089569,0.075665,0.06225,58.634983,59.239545,2.059754,0.05185,0.771302,4.0,10.0,7.0,5.0,4.0,10.0,7.0,5.0,4.0,10.0,7.0,5.0,3.0,11.0,7.0,5.0,0.05312,0.1044,0.19358,0.20464,1.0,1.0,29:01:2021,10:48:17,624.0,-23.5615,-46.734983,786.0,lev20,Almucantar<br>
2010-08-28 12:10:46,Sao_Paulo,240.0,240.507477,0.73583,0.450847,0.325898,0.263065,1.183906,0.7393,0.4516,0.3264,0.265,0.6956,0.4064,0.2799,0.2178,0.0437,0.0453,0.0465,0.0472,1.188782,0.8654,0.883,0.8782,0.8715,0.099509,0.052821,0.03975,0.03407,1.353652,1.529,1.5171,1.4994,1.4869,0.020971,0.015184,0.014675,0.01471,0.696439,0.66967,0.67378,0.67754,0.676913,0.644136,0.642316,0.64059,1.198893,0.99522,0.923568,0.892395,-999.0,0.001131,0.009663,0.033218,0.05262,0.04967,0.036312,0.028283,0.032037,0.044252,0.03776,0.019098,0.011422,0.011452,0.017007,0.028621,0.044924,0.058469,0.058388,0.040856,0.018156,0.004871,0.000783,0.992,0.174,0.314,0.818,1.543,0.095,0.18,0.228,0.721,0.079,3.288,3.823,0.535,0.786,120.0,499.48203,782.57177,61.63662,136.17925,-111.55621,-26.35028,-194.80972,-46.01528,209.57223,0.0,620.704692,693.295245,492.680255,365.217609,32.416809,71.193793,93.587398,73.382095,0.672077,0.450039,0.349052,0.292908,77.672,62.264,63.574,65.632,0.099304,0.08688,0.073614,0.060022,54.005725,54.585241,1.970638,0.063093,0.73583,4.0,10.0,8.0,4.0,4.0,10.0,8.0,4.0,4.0,10.0,8.0,4.0,4.0,10.0,8.0,4.0,0.05187,0.10149,0.18769,0.19902,1.0,1.0,29:01:2021,10:48:06,624.0,-23.5615,-46.734983,786.0,lev20,Almucantar<br>
2010-08-28 18:10:49,Sao_Paulo,240.0,240.757512,0.995236,0.521518,0.352697,0.276707,1.513401,0.9978,0.5229,0.3534,0.2783,0.9189,0.4414,0.2693,0.1921,0.0789,0.0815,0.084,0.0862,1.514144,0.852,0.8524,0.8362,0.8284,0.14766,0.077173,0.057866,0.047767,1.382451,1.4715,1.4949,1.5042,1.5009,0.022787,0.016345,0.015409,0.014772,0.678741,0.601049,0.583124,0.588106,0.655867,0.55716,0.51577,0.499014,1.115826,0.934217,0.859261,0.82531,-999.0,0.000643,0.009161,0.058615,0.126635,0.103334,0.058456,0.035917,0.02766,0.020608,0.014332,0.013765,0.020345,0.031122,0.036768,0.044255,0.064568,0.096696,0.100407,0.056403,0.018058,0.003907,0.000631,0.756,0.256,0.275,0.755,1.622,0.126,0.142,0.16,0.536,0.13,2.781,3.359,0.59,0.786,120.0,422.0082,744.14177,53.74026,136.02911,-150.44256,-30.34485,-210.95248,-42.54993,186.79303,0.0,473.956724,587.37253,438.43044,339.752335,24.765588,60.777752,83.970175,68.504833,0.777764,0.488844,0.354013,0.285076,88.632,48.377,38.468,35.654,0.004897,0.010876,0.010974,0.003959,56.148758,55.560018,2.335977,0.041117,0.995236,4.0,10.0,8.0,4.0,4.0,10.0,8.0,4.0,4.0,10.0,8.0,4.0,4.0,10.0,8.0,4.0,0.0526,0.10289,0.18995,0.20009,1.0,1.0,29:01:2021,10:49:46,624.0,-23.5615,-46.734983,786.0,lev20,Almucantar<br>
2010-08-28 18:34:16,Sao_Paulo,240.0,240.773796,1.009092,0.521111,0.349355,0.274386,1.547477,1.0118,0.5225,0.35,0.2758,0.9223,0.4285,0.2509,0.1736,0.0895,0.0941,0.099,0.1022,1.548574,0.8535,0.8364,0.8188,0.8087,0.14822,0.085481,0.063426,0.052774,1.243565,1.5138,1.5291,1.5337,1.5283,0.024125,0.020528,0.018957,0.017947,0.664986,0.5917,0.576444,0.583352,0.64035,0.541511,0.492733,0.466494,1.071931,0.907069,0.840627,0.813358,-999.0,0.00076,0.00944,0.054955,0.11279,0.095769,0.053231,0.0301,0.023276,0.018826,0.013892,0.013898,0.021675,0.030612,0.032749,0.041393,0.066521,0.101561,0.102997,0.059968,0.021046,0.004816,0.000744,0.576,0.247,0.289,0.834,1.632,0.11,0.137,0.152,0.483,0.137,2.594,3.28,0.645,0.786,120.0,342.65623,650.5379,45.29552,127.74556,-148.83568,-30.20962,-207.28105,-42.07245,160.48947,0.0,374.016934,474.66643,365.246666,286.611203,19.655672,50.071575,71.760802,59.192717,0.828678,0.524418,0.378092,0.304021,80.259,46.792,36.941,34.207,0.004045,0.012396,0.012419,0.00426,60.855395,60.243767,1.992963,0.035707,1.009092,3.0,10.0,8.0,5.0,3.0,10.0,8.0,5.0,3.0,10.0,8.0,5.0,3.0,10.0,8.0,5.0,0.0541,0.10627,0.19653,0.20603,1.0,1.0,29:01:2021,10:50:25,624.0,-23.5615,-46.734983,786.0,lev20,Almucantar<br>
2010-08-28 19:24:41,Sao_Paulo,240.0,240.808808,1.024992,0.51577,0.340059,0.264087,1.609483,1.0277,0.5173,0.3408,0.2652,0.9539,0.441,0.2624,0.1849,0.0739,0.0764,0.0785,0.0803,1.610009,0.8754,0.8566,0.8345,0.8207,0.12802,0.074167,0.056425,0.047545,1.203812,1.5488,1.5374,1.5315,1.5199,0.021371,0.01806,0.017238,0.016616,0.662308,0.603586,0.587749,0.592276,0.641405,0.562533,0.523373,0.505636,1.115184,0.947414,0.873253,0.839225,-999.0,0.000661,0.00838,0.045314,0.088187,0.085471,0.058629,0.036442,0.024961,0.018141,0.013749,0.012709,0.015902,0.023473,0.0344,0.048269,0.07177,0.100367,0.092041,0.047942,0.017301,0.004523,0.000774,0.756,0.231,0.306,0.864,1.596,0.105,0.148,0.168,0.547,0.126,2.851,3.388,0.565,0.786,120.0,186.32894,425.20406,27.20133,106.75464,-113.02388,-31.5222,-155.83077,-43.46099,109.73807,0.0,196.758488,255.652102,209.227004,170.542199,10.343403,28.072712,43.898472,37.683614,0.951194,0.690522,0.506854,0.404046,68.257,47.981,39.528,36.794,0.004438,0.01118,0.011229,0.003131,71.454678,70.809895,2.360075,0.007399,1.024992,4.0,10.0,7.0,6.0,4.0,10.0,7.0,6.0,4.0,10.0,7.0,6.0,4.0,10.0,7.0,6.0,0.05927,0.11782,0.21881,0.22622,1.0,1.0,29:01:2021,10:50:37,624.0,-23.5615,-46.734983,786.0,lev20,Almucantar<br>
2010-08-28 19:48:57,Sao_Paulo,240.0,240.82566,1.034662,0.55567,0.363592,0.281205,1.518476,1.043,0.5555,0.3645,0.2837,0.9676,0.4775,0.2848,0.2026,0.0754,0.078,0.0797,0.0812,1.52773,0.8713,0.8525,0.8255,0.8091,0.13427,0.081957,0.063621,0.054163,1.096515,1.5812,1.6,1.5845,1.5653,0.022496,0.020398,0.020263,0.019905,0.642761,0.577444,0.574142,0.588197,0.620057,0.535097,0.510141,0.50573,1.13539,0.963123,0.889186,0.853596,-999.0,0.000475,0.009494,0.053961,0.09677,0.077655,0.045821,0.029808,0.023827,0.020138,0.016055,0.013536,0.014153,0.018992,0.030505,0.052566,0.084966,0.109057,0.09638,0.055082,0.020299,0.004909,0.000787,0.756,0.238,0.309,0.924,1.616,0.103,0.143,0.164,0.574,0.134,2.971,3.498,0.547,0.786,120.0,109.81239,307.16544,17.09777,88.54264,-92.9718,-27.42275,-123.5219,-36.43373,76.46265,0.0,118.848073,145.538225,125.279198,106.674324,6.189839,15.894594,26.790306,24.292102,0.989298,0.836778,0.648634,0.524169,60.44,39.965,35.59,34.929,0.004197,0.011615,0.012159,0.0047,76.716909,76.062458,4.63183,0.283578,1.034662,4.0,10.0,7.0,6.0,4.0,10.0,7.0,6.0,4.0,10.0,7.0,6.0,4.0,10.0,7.0,6.0,0.0633,0.1268,0.23596,0.24172,1.0,1.0,29:01:2021,10:50:44,624.0,-23.5615,-46.734983,786.0,lev20,Almucantar<br>
2010-08-29 11:45:58,Sao_Paulo,241.0,241.490255,0.580974,0.335891,0.241079,0.19733,1.283202,0.5833,0.3369,0.2417,0.1981,0.5339,0.286,0.1895,0.1449,0.0494,0.0509,0.0523,0.0531,1.285302,0.8563,0.8437,0.8228,0.8259,0.083848,0.052646,0.042843,0.034479,0.990987,1.3562,1.3985,1.414,1.4209,0.014289,0.013245,0.013785,0.012776,0.694416,0.629762,0.628977,0.638368,0.667452,0.584084,0.567206,0.566366,1.157417,0.977723,0.90883,0.86968,-999.0,0.000425,0.016112,0.094449,0.118274,0.076086,0.045382,0.026573,0.018664,0.018912,0.020676,0.016443,0.013369,0.016845,0.026166,0.036767,0.049024,0.065067,0.069801,0.045567,0.016512,0.003536,0.000475,0.992,0.216,0.226,0.598,1.66,0.125,0.134,0.159,0.656,0.091,3.12,3.631,0.538,0.786,120.0,430.82812,693.306,56.34545,123.14158,-100.81689,-19.95564,-232.3586,-45.99294,157.51261,0.0,553.422982,607.160922,430.311292,319.157665,29.536206,63.909817,85.738972,67.431709,0.643001,0.378011,0.279982,0.237309,87.647,52.249,47.851,46.572,0.008029,0.015854,0.016365,0.00914,58.632786,59.240202,1.628442,0.032236,0.580974,4.0,10.0,7.0,5.0,4.0,10.0,7.0,5.0,4.0,10.0,7.0,5.0,3.0,11.0,7.0,5.0,0.05355,0.1048,0.19817,0.21029,1.0,1.0,29:01:2021,11:08:52,624.0,-23.5615,-46.734983,786.0,lev20,Almucantar<br>
2010-08-29 12:10:22,Sao_Paulo,241.0,241.507199,0.518535,0.283508,0.19911,0.16165,1.398184,0.5211,0.2848,0.1998,0.1634,0.4718,0.2335,0.1467,0.1092,0.0493,0.0513,0.0531,0.0542,1.400208,0.855,0.8563,0.8424,0.8433,0.075538,0.04093,0.031492,0.025601,1.292771,1.535,1.5417,1.5416,1.5416,0.023507,0.017132,0.016029,0.014782,0.682956,0.629486,0.626629,0.632314,0.650279,0.573898,0.547405,0.536123,1.16327,0.969951,0.899588,0.863285,-999.0,0.000806,0.007923,0.029648,0.047721,0.042293,0.026392,0.016515,0.014212,0.014286,0.011088,0.007916,0.008461,0.013111,0.020112,0.027695,0.038656,0.055403,0.065001,0.046447,0.017839,0.003907,0.000529,0.756,0.14,0.325,1.025,1.633,0.058,0.144,0.169,0.606,0.082,3.081,3.71,0.58,0.786,120.0,527.35969,786.48421,66.24542,129.63911,-86.02188,-18.27331,-226.33303,-48.07909,163.88471,0.0,681.319771,737.963901,515.160554,380.317639,35.920144,75.923668,99.822582,78.211485,0.563914,0.309179,0.22272,0.185607,86.383,55.331,49.759,47.709,0.080714,0.068055,0.065116,0.063123,53.804619,54.38647,1.11035,0.024336,0.518535,4.0,10.0,8.0,4.0,4.0,10.0,8.0,4.0,4.0,10.0,8.0,4.0,4.0,10.0,8.0,4.0,0.05227,0.10184,0.19201,0.20418,1.0,1.0,29:01:2021,11:08:15,624.0,-23.5615,-46.734983,786.0,lev20,Almucantar<br>
2010-08-29 18:10:21,Sao_Paulo,241.0,241.757187,0.626872,0.320848,0.221321,0.177656,1.52401,0.6294,0.3225,0.2222,0.1793,0.551,0.2408,0.1376,0.0929,0.0784,0.0817,0.0846,0.0864,1.523822,0.8681,0.8688,0.8474,0.8287,0.083041,0.042304,0.0339,0.03072,1.335188,1.4655,1.5127,1.54,1.543,0.01589,0.010796,0.010777,0.011436,0.657523,0.569302,0.556489,0.571525,0.618099,0.482938,0.415379,0.380259,1.088212,0.899276,0.831871,0.804712,-999.0,0.00048,0.011995,0.065941,0.097077,0.066013,0.032588,0.014993,0.007932,0.005199,0.005019,0.008231,0.017383,0.027292,0.031208,0.040765,0.065315,0.099589,0.104676,0.061114,0.020071,0.003993,0.000501,0.576,0.214,0.292,0.97,1.684,0.083,0.12,0.13,0.416,0.131,2.826,3.451,0.596,0.786,120.0,472.90401,749.49891,60.66427,133.09925,-103.28405,-25.80387,-233.86989,-58.42866,163.10338,0.0,585.833033,668.543489,479.005577,362.868719,31.044939,69.485154,93.7397,74.957908,0.643098,0.348346,0.245186,0.195836,76.846,36.4,26.059,23.552,0.004955,0.01291,0.013144,0.006819,55.903083,55.312414,2.205709,0.036908,0.626872,4.0,10.0,8.0,4.0,4.0,10.0,8.0,4.0,4.0,10.0,8.0,4.0,4.0,10.0,8.0,4.0,0.05297,0.10316,0.19418,0.20524,1.0,1.0,06:01:2018,14:48:00,624.0,-23.5615,-46.734983,786.0,lev20,Almucantar<br>
2010-08-29 18:34:47,Sao_Paulo,241.0,241.774155,0.710585,0.358921,0.245055,0.195372,1.557921,0.7131,0.3607,0.2457,0.197,0.6359,0.2783,0.1595,0.1087,0.0773,0.0824,0.0863,0.0883,1.558762,0.8532,0.8504,0.8317,0.825,0.10471,0.053971,0.041344,0.034471,1.37598,1.4032,1.4414,1.4623,1.4683,0.016956,0.012304,0.01181,0.011243,0.67316,0.575967,0.563209,0.578838,0.640537,0.497443,0.427284,0.391888,1.088675,0.91331,0.854105,0.827921,-999.0,0.000732,0.010579,0.071159,0.147288,0.104136,0.046854,0.019968,0.011476,0.009292,0.009162,0.010405,0.014096,0.021372,0.030616,0.043266,0.067333,0.100618,0.102021,0.054882,0.017243,0.003696,0.000574,0.576,0.244,0.252,0.736,1.692,0.116,0.126,0.135,0.413,0.128,2.78,3.407,0.595,0.786,120.0,379.27381,652.00321,50.7268,124.30858,-111.43814,-25.82311,-224.4339,-52.00716,148.90109,0.0,444.498027,537.396981,397.312605,306.28311,23.764449,57.178488,80.069256,65.058327,0.729342,0.411134,0.291157,0.235607,88.924,43.976,35.137,32.797,0.004131,0.012822,0.013086,0.005036,60.825361,60.211205,1.744735,0.030537,0.710585,3.0,10.0,8.0,5.0,3.0,10.0,8.0,5.0,3.0,10.0,8.0,5.0,3.0,10.0,8.0,5.0,0.0545,0.10659,0.20108,0.2117,1.0,1.0,29:01:2021,11:10:13,624.0,-23.5615,-46.734983,786.0,lev20,Almucantar<br>
2010-08-31 12:09:48,Sao_Paulo,243.0,243.506806,0.491828,0.278809,0.19596,0.157444,1.341124,0.4932,0.2786,0.1966,0.1584,0.4591,0.2434,0.1606,0.1218,0.0341,0.0352,0.0361,0.0366,1.341356,0.8705,0.8936,0.8789,0.8755,0.063898,0.029641,0.023815,0.01972,1.476965,1.3741,1.4116,1.4275,1.4329,0.014215,0.009109,0.009385,0.009114,0.698444,0.637461,0.627313,0.628609,0.677618,0.603436,0.580842,0.572429,1.153008,0.948607,0.882278,0.847852,-999.0,0.000375,0.012389,0.06885,0.085674,0.053398,0.034198,0.026283,0.022324,0.019976,0.015399,0.009781,0.00834,0.011501,0.018836,0.027278,0.035234,0.043181,0.044478,0.030645,0.012221,0.002837,0.0004,0.992,0.159,0.222,0.558,1.628,0.096,0.138,0.165,0.651,0.063,3.098,3.606,0.542,0.786,120.0,541.38086,795.75479,67.6418,131.59352,-75.41271,-20.1558,-206.96328,-55.31574,169.39196,0.0,715.319343,763.860131,528.76546,388.356892,37.690475,78.487477,102.282352,79.723871,0.554956,0.315553,0.227315,0.185795,87.238,50.298,45.407,43.996,0.008691,0.014403,0.014506,0.008086,53.352569,53.938804,1.452454,0.031415,0.491828,3.0,10.0,8.0,4.0,4.0,10.0,8.0,4.0,4.0,10.0,8.0,4.0,4.0,10.0,8.0,4.0,0.05216,0.1016,0.19149,0.20369,1.0,1.0,29:01:2021,10:57:57,624.0,-23.5615,-46.734983,786.0,lev20,Almucantar<br>
2010-08-31 19:26:07,Sao_Paulo,243.0,243.809803,0.747687,0.412277,0.29062,0.233337,1.380196,0.7511,0.4141,0.2914,0.2341,0.6789,0.3393,0.2138,0.1544,0.0722,0.0748,0.0776,0.0796,1.382683,0.8327,0.8716,0.8642,0.8557,0.12564,0.053168,0.03957,0.033766,1.719448,1.433,1.4514,1.4642,1.4632,0.024467,0.012784,0.011608,0.011357,0.723718,0.651593,0.627642,0.626451,0.695865,0.604918,0.557573,0.532731,1.165009,0.945456,0.871449,0.842292,-999.0,0.000661,0.005496,0.029122,0.074857,0.083472,0.058964,0.038149,0.028169,0.020795,0.014206,0.011735,0.014263,0.021736,0.031879,0.043557,0.066748,0.101549,0.104316,0.058995,0.021776,0.00531,0.000753,0.756,0.227,0.343,0.989,1.581,0.098,0.158,0.18,0.542,0.129,3.008,3.581,0.563,0.786,120.0,204.23201,426.8316,30.03409,102.1366,-93.19499,-26.51178,-168.51971,-47.93988,113.06277,-0.0,216.654767,290.920576,228.544571,180.913285,11.70224,32.518246,49.364323,41.262936,0.890972,0.61951,0.469819,0.383782,109.56,59.041,46.497,42.75,0.006213,0.013782,0.013804,0.006146,71.448835,70.798964,1.913969,0.006517,0.747687,4.0,10.0,7.0,6.0,4.0,10.0,7.0,6.0,4.0,10.0,7.0,6.0,4.0,10.0,7.0,6.0,0.05964,0.11791,0.22342,0.23277,1.0,1.0,29:01:2021,10:59:17,624.0,-23.5615,-46.734983,786.0,lev20,Almucantar<br>
2010-08-31 19:50:30,Sao_Paulo,243.0,243.826736,0.776545,0.430206,0.302415,0.243549,1.376557,0.78,0.4321,0.3033,0.2442,0.7049,0.3543,0.2231,0.1617,0.0752,0.0778,0.0802,0.0824,1.378553,0.8575,0.8564,0.842,0.8386,0.11117,0.062058,0.047934,0.039408,1.241523,1.5806,1.5354,1.5238,1.5113,0.023659,0.017767,0.016532,0.015221,0.677943,0.652196,0.64137,0.642543,0.649247,0.60736,0.578588,0.561868,1.124157,0.949167,0.874299,0.839726,-999.0,0.000562,0.006258,0.026378,0.045607,0.046914,0.042718,0.038064,0.02906,0.019677,0.014679,0.014456,0.017546,0.022738,0.029962,0.042138,0.070822,0.108595,0.100442,0.050589,0.017024,0.004175,0.000702,0.756,0.203,0.409,1.193,1.501,0.075,0.166,0.195,0.595,0.128,2.893,3.45,0.564,0.786,120.0,121.48002,306.59845,19.08053,85.06847,-78.62739,-23.87568,-134.69461,-40.90082,81.13188,0.0,133.132476,168.143155,139.660961,115.683943,7.098386,18.958965,31.060871,27.357523,0.969426,0.759061,0.591685,0.489009,58.814,52.927,47.159,44.339,0.013182,0.017486,0.016639,0.009407,76.773734,76.115054,2.205696,0.003586,0.776545,4.0,10.0,7.0,6.0,4.0,10.0,7.0,6.0,4.0,10.0,7.0,6.0,4.0,10.0,7.0,6.0,0.06372,0.12691,0.24098,0.24913,1.0,1.0,29:01:2021,10:58:36,624.0,-23.5615,-46.734983,786.0,lev20,Almucantar<br>
2010-09-01 10:29:26,Sao_Paulo,244.0,244.437106,0.184829,0.099249,0.074709,0.063692,1.335414,0.1858,0.0995,0.0749,0.0645,0.1518,0.0628,0.0363,0.0251,0.034,0.0367,0.0386,0.0393,1.339584,-999.0,-999.0,-999.0,-999.0,-999.0,-999.0,-999.0,-999.0,-999.0,-999.0,-999.0,-999.0,-999.0,-999.0,-999.0,-999.0,-999.0,0.713869,0.656128,0.647218,0.657587,0.657285,0.544937,0.46542,0.413112,1.105675,0.911691,0.855037,0.833459,-999.0,0.00023,0.001441,0.005794,0.013785,0.016314,0.010533,0.005117,0.002914,0.002706,0.003764,0.004962,0.006002,0.008491,0.012569,0.017441,0.023927,0.031426,0.036482,0.029783,0.012891,0.002371,0.000172,0.439,0.068,0.513,1.67,1.46,0.016,0.14,0.151,0.412,0.052,2.605,3.432,0.686,0.786,120.0,218.29622,364.51518,33.15498,76.14232,-35.65926,-6.12749,-264.22343,-45.4027,61.55243,0.0,276.991229,324.481059,231.486067,165.720701,15.839564,38.682306,53.168584,40.174573,0.598565,0.252075,0.172053,0.143314,-999.0,-999.0,-999.0,-999.0,-999.0,-999.0,-999.0,-999.0,74.090202,74.747606,1.193873,0.014089,0.184829,4.0,10.0,7.0,6.0,4.0,10.0,7.0,6.0,4.0,10.0,7.0,5.0,4.0,10.0,7.0,5.0,0.06094,0.1216,0.23234,0.24441,1.0,1.0,06:01:2018,14:47:32,624.0,-23.5615,-46.734983,786.0,lev20,Almucantar<br>
2010-09-01 10:52:20,Sao_Paulo,244.0,244.453009,0.2067,0.110118,0.082625,0.070118,1.351886,0.2077,0.1104,0.0828,0.0715,0.1711,0.0709,0.0417,0.0297,0.0367,0.0394,0.0411,0.0418,1.355978,-999.0,-999.0,-999.0,-999.0,-999.0,-999.0,-999.0,-999.0,-999.0,-999.0,-999.0,-999.0,-999.0,-999.0,-999.0,-999.0,-999.0,0.709066,0.642669,0.628904,0.632878,0.654117,0.533714,0.453579,0.402961,1.105918,0.904844,0.8461,0.819846,-999.0,0.000236,0.001825,0.007744,0.017474,0.019504,0.011397,0.005391,0.003256,0.002781,0.003226,0.004724,0.007895,0.011112,0.013267,0.017861,0.026236,0.036111,0.039802,0.029158,0.012146,0.002607,0.000279,0.439,0.074,0.472,1.547,1.49,0.019,0.136,0.147,0.407,0.056,2.591,3.375,0.676,0.786,120.0,303.99829,474.29808,43.26179,89.58829,-41.93087,-7.08641,-279.45814,-47.22906,75.36631,0.0,389.701413,443.503078,310.31941,223.958004,21.864454,50.416655,67.408987,51.392018,0.513937,0.220442,0.151247,0.125698,-999.0,-999.0,-999.0,-999.0,-999.0,-999.0,-999.0,-999.0,69.110387,69.758382,1.903342,0.036005,0.2067,4.0,10.0,6.0,6.0,4.0,10.0,7.0,6.0,4.0,10.0,7.0,6.0,4.0,10.0,7.0,6.0,0.05785,0.11459,0.21813,0.23012,1.0,1.0,06:01:2018,14:47:35,624.0,-23.5615,-46.734983,786.0,lev20,Almucantar<br>
2010-09-01 11:42:03,Sao_Paulo,244.0,244.487535,0.231514,0.121245,0.088593,0.07306,1.41311,0.2326,0.1217,0.0886,0.0741,0.1958,0.0826,0.0475,0.0319,0.0368,0.0391,0.0411,0.0422,1.419344,-999.0,-999.0,-999.0,-999.0,-999.0,-999.0,-999.0,-999.0,-999.0,-999.0,-999.0,-999.0,-999.0,-999.0,-999.0,-999.0,-999.0,0.683976,0.620927,0.604222,0.610332,0.635761,0.524042,0.443562,0.391677,1.092159,0.905059,0.83835,0.803722,-999.0,0.000238,0.001815,0.007484,0.016669,0.019745,0.011914,0.004978,0.00262,0.002471,0.003696,0.005571,0.007308,0.009476,0.012684,0.018415,0.026955,0.036654,0.040701,0.029959,0.012339,0.0026,0.000272,0.439,0.075,0.481,1.584,1.485,0.018,0.136,0.146,0.396,0.056,2.606,3.402,0.675,0.786,120.0,487.49875,693.74553,62.73994,110.99768,-48.4379,-7.06347,-289.12573,-42.16181,96.29241,0.0,650.061331,685.298609,470.067534,343.212763,34.899518,72.141103,93.494942,72.372347,0.41043,0.170801,0.114933,0.094657,-999.0,-999.0,-999.0,-999.0,-999.0,-999.0,-999.0,-999.0,58.629578,59.245339,1.730487,0.03332,0.231514,4.0,10.0,7.0,5.0,4.0,10.0,7.0,5.0,4.0,10.0,7.0,5.0,3.0,11.0,7.0,5.0,0.05357,0.10483,0.19819,0.21029,1.0,1.0,29:01:2021,11:15:07,624.0,-23.5615,-46.734983,786.0,lev20,Almucantar<br>
2010-09-01 12:09:28,Sao_Paulo,244.0,244.506574,0.226701,0.119644,0.085611,0.069588,1.428538,0.2273,0.1199,0.0862,0.0712,0.1943,0.0849,0.0501,0.0346,0.0331,0.035,0.0361,0.0366,1.423145,-999.0,-999.0,-999.0,-999.0,-999.0,-999.0,-999.0,-999.0,-999.0,-999.0,-999.0,-999.0,-999.0,-999.0,-999.0,-999.0,-999.0,0.678589,0.585974,0.573411,0.585723,0.627504,0.464809,0.373845,0.318523,1.097721,0.93085,0.872363,0.842699,-999.0,0.000202,0.007345,0.043356,0.056502,0.036404,0.020023,0.00861,0.00325,0.001768,0.001926,0.00342,0.006111,0.008897,0.012189,0.01638,0.022971,0.032969,0.04073,0.032537,0.013418,0.002664,0.000254,0.439,0.101,0.235,0.732,1.769,0.048,0.117,0.124,0.367,0.053,2.855,3.641,0.644,0.786,120.0,583.3125,799.99909,72.46698,121.69219,-46.30966,-8.39444,-286.92486,-52.01016,105.93458,0.0,794.434754,811.222406,551.876082,403.1253,41.838499,82.9425,106.150308,82.34684,0.371376,0.154492,0.103612,0.083444,-999.0,-999.0,-999.0,-999.0,-999.0,-999.0,-999.0,-999.0,53.134133,53.722615,1.275065,0.055255,0.226701,3.0,10.0,8.0,4.0,3.0,10.0,8.0,4.0,4.0,10.0,8.0,4.0,4.0,10.0,8.0,4.0,0.05212,0.10149,0.19126,0.20346,1.0,1.0,06:01:2018,14:49:18,624.0,-23.5615,-46.734983,786.0,lev20,Almucantar<br>
2010-09-01 18:09:26,Sao_Paulo,244.0,244.756551,0.30221,0.157992,0.115723,0.095023,1.412654,0.3092,0.1654,0.1158,0.0965,0.2602,0.1135,0.0615,0.0411,0.049,0.0519,0.0543,0.0554,1.436142,-999.0,-999.0,-999.0,-999.0,-999.0,-999.0,-999.0,-999.0,-999.0,-999.0,-999.0,-999.0,-999.0,-999.0,-999.0,-999.0,-999.0,0.665436,0.606317,0.600931,0.611663,0.618467,0.511326,0.44056,0.394375,1.059467,0.890474,0.827302,0.799904,-999.0,0.00041,0.003513,0.013756,0.025374,0.024173,0.014197,0.006888,0.003888,0.003187,0.003813,0.005677,0.008848,0.01321,0.018943,0.027375,0.040074,0.053591,0.054598,0.035784,0.013645,0.002896,0.000338,0.439,0.102,0.451,1.516,1.498,0.025,0.129,0.14,0.413,0.076,2.653,3.362,0.638,0.786,120.0,540.31988,763.16483,67.91083,121.90018,-58.51448,-11.61,-261.9205,-51.96826,121.06168,0.0,705.213032,742.979323,517.456327,387.585347,37.468437,76.889335,100.651138,79.622468,0.454705,0.205213,0.138059,0.110988,-999.0,-999.0,-999.0,-999.0,-999.0,-999.0,-999.0,-999.0,55.265038,54.667993,4.83657,0.40628,0.30221,4.0,10.0,8.0,4.0,4.0,10.0,8.0,4.0,4.0,10.0,8.0,4.0,4.0,10.0,8.0,4.0,0.05279,0.10276,0.19337,0.2045,1.0,1.0,29:01:2021,11:15:03,624.0,-23.5615,-46.734983,786.0,lev20,Almucantar<br>
2010-09-01 18:36:51,Sao_Paulo,244.0,244.77559,0.306141,0.158529,0.116053,0.095366,1.428147,0.3078,0.1634,0.117,0.0985,0.256,0.1082,0.0594,0.0398,0.0519,0.0552,0.0576,0.0587,1.418564,-999.0,-999.0,-999.0,-999.0,-999.0,-999.0,-999.0,-999.0,-999.0,-999.0,-999.0,-999.0,-999.0,-999.0,-999.0,-999.0,-999.0,0.672461,0.61156,0.6135,0.630986,0.616937,0.493801,0.420272,0.376143,1.084749,0.914783,0.852622,0.825446,-999.0,0.000439,0.004141,0.016426,0.028468,0.024152,0.012556,0.005774,0.003424,0.00314,0.004165,0.006395,0.009442,0.012841,0.017248,0.024924,0.038085,0.053335,0.055764,0.03668,0.013859,0.002897,0.000331,0.439,0.102,0.424,1.467,1.533,0.026,0.124,0.134,0.407,0.075,2.642,3.382,0.649,0.786,120.0,441.16331,652.65848,57.88001,111.10877,-60.73298,-10.73273,-275.14838,-48.62419,108.06317,0.0,556.944227,612.648269,433.320921,326.974616,30.170997,65.448788,87.393371,69.422312,0.499794,0.225223,0.154728,0.125848,-999.0,-999.0,-999.0,-999.0,-999.0,-999.0,-999.0,-999.0,60.853694,60.231689,5.083886,0.217593,0.306141,3.0,10.0,8.0,5.0,3.0,10.0,8.0,5.0,3.0,10.0,8.0,5.0,3.0,10.0,8.0,5.0,0.05451,0.1066,0.20109,0.21173,1.0,1.0,29:01:2021,11:15:07,624.0,-23.5615,-46.734983,786.0,lev20,Almucantar<br>
2010-09-02 10:28:26,Sao_Paulo,245.0,245.436412,0.274599,0.14325,0.1033,0.086205,1.436397,0.2757,0.1435,0.1039,0.087,0.2328,0.0971,0.0555,0.0376,0.043,0.0463,0.0484,0.0493,1.434599,-999.0,-999.0,-999.0,-999.0,-999.0,-999.0,-999.0,-999.0,-999.0,-999.0,-999.0,-999.0,-999.0,-999.0,-999.0,-999.0,-999.0,0.686903,0.609375,0.59921,0.613653,0.640508,0.50574,0.423017,0.372978,1.073999,0.890793,0.837579,0.815335,-999.0,0.000334,0.003333,0.015181,0.031324,0.029283,0.014517,0.0063,0.003712,0.003308,0.004047,0.005849,0.008877,0.012678,0.016023,0.021,0.02992,0.041563,0.045377,0.031111,0.01191,0.002421,0.000258,0.439,0.092,0.37,1.221,1.588,0.029,0.128,0.138,0.391,0.063,2.525,3.286,0.675,0.786,120.0,208.3923,364.7514,31.84182,80.91221,-46.60003,-10.69935,-237.94387,-54.63184,70.69452,0.0,256.785825,307.302297,222.489512,160.717347,14.487444,36.328838,50.834349,38.808473,0.686069,0.326685,0.2257,0.187792,-999.0,-999.0,-999.0,-999.0,-999.0,-999.0,-999.0,-999.0,74.07265,74.731453,1.86688,0.011348,0.274599,4.0,10.0,7.0,6.0,4.0,10.0,7.0,6.0,4.0,10.0,7.0,6.0,4.0,10.0,7.0,6.0,0.06094,0.1216,0.23234,0.24436,1.0,1.0,06:01:2018,14:54:43,624.0,-23.5615,-46.734983,786.0,lev20,Almucantar<br>
2010-09-02 10:51:12,Sao_Paulo,245.0,245.452222,0.293019,0.150961,0.107906,0.089551,1.467286,0.2942,0.1514,0.1084,0.0906,0.2493,0.1035,0.058,0.0391,0.0449,0.0479,0.0503,0.0516,1.466842,-999.0,-999.0,-999.0,-999.0,-999.0,-999.0,-999.0,-999.0,-999.0,-999.0,-999.0,-999.0,-999.0,-999.0,-999.0,-999.0,-999.0,0.676856,0.616552,0.603368,0.61333,0.631607,0.525831,0.451037,0.401119,1.075587,0.881676,0.819898,0.798657,-999.0,0.000386,0.003062,0.011512,0.021753,0.023463,0.015082,0.00704,0.003823,0.003269,0.004252,0.00647,0.00987,0.013133,0.016031,0.02132,0.031337,0.044576,0.049263,0.033381,0.012524,0.002489,0.000259,0.439,0.091,0.442,1.452,1.509,0.024,0.133,0.144,0.415,0.067,2.535,3.303,0.676,0.786,120.0,294.79478,474.54693,42.132,94.64216,-52.48866,-11.89411,-249.92454,-56.63376,86.95161,0.0,368.397074,426.639746,303.058209,219.940561,20.507134,48.317895,65.692048,50.404463,0.594957,0.277304,0.19136,0.157642,-999.0,-999.0,-999.0,-999.0,-999.0,-999.0,-999.0,-999.0,69.109839,69.759571,1.864404,0.024136,0.293019,4.0,10.0,6.0,6.0,4.0,10.0,6.0,6.0,4.0,10.0,6.0,6.0,4.0,10.0,7.0,6.0,0.05785,0.11459,0.21813,0.23013,1.0,1.0,29:01:2021,12:11:38,624.0,-23.5615,-46.734983,786.0,lev20,Almucantar<br>
2010-09-02 11:40:46,Sao_Paulo,245.0,245.486644,0.293251,0.149722,0.106893,0.087255,1.482848,0.2963,0.154,0.1073,0.0882,0.2543,0.1092,0.0607,0.0409,0.042,0.0449,0.0466,0.0473,1.48709,-999.0,-999.0,-999.0,-999.0,-999.0,-999.0,-999.0,-999.0,-999.0,-999.0,-999.0,-999.0,-999.0,-999.0,-999.0,-999.0,-999.0,0.671968,0.606134,0.59898,0.61158,0.627235,0.507724,0.43168,0.384226,1.072717,0.914568,0.857117,0.831697,-999.0,0.000431,0.003672,0.014138,0.025551,0.024061,0.014112,0.006797,0.003697,0.002826,0.003142,0.004491,0.006976,0.010529,0.015204,0.021843,0.031106,0.039812,0.03908,0.025575,0.010256,0.002423,0.000333,0.439,0.083,0.376,1.245,1.572,0.025,0.128,0.139,0.41,0.058,2.579,3.286,0.649,0.786,120.0,482.62696,694.30695,62.30317,115.23326,-55.54744,-10.93636,-263.02968,-51.78614,110.19197,0.0,639.326436,674.865739,466.506826,340.5956,34.29504,71.065617,92.826708,71.844093,0.468587,0.208173,0.139391,0.112433,-999.0,-999.0,-999.0,-999.0,-999.0,-999.0,-999.0,-999.0,58.624296,59.242739,3.816697,0.218563,0.293251,4.0,10.0,7.0,5.0,4.0,10.0,7.0,5.0,4.0,10.0,7.0,5.0,3.0,11.0,7.0,5.0,0.05357,0.10482,0.19817,0.21029,1.0,1.0,06:01:2018,14:54:55,624.0,-23.5615,-46.734983,786.0,lev20,Almucantar<br>
2010-09-02 12:09:11,Sao_Paulo,245.0,245.506377,0.269792,0.138513,0.097704,0.079548,1.490011,0.2713,0.1414,0.0977,0.0799,0.2336,0.1013,0.0558,0.0372,0.0377,0.0401,0.0419,0.0427,1.493715,-999.0,-999.0,-999.0,-999.0,-999.0,-999.0,-999.0,-999.0,-999.0,-999.0,-999.0,-999.0,-999.0,-999.0,-999.0,-999.0,-999.0,0.675674,0.608755,0.592752,0.599503,0.634648,0.522547,0.442353,0.389608,1.059626,0.89361,0.835243,0.809525,-999.0,0.000268,0.002138,0.009005,0.020034,0.023454,0.014973,0.006685,0.003251,0.002441,0.002925,0.004457,0.00684,0.009808,0.013329,0.01815,0.025714,0.035789,0.041172,0.031459,0.013503,0.002983,0.00033,0.439,0.078,0.43,1.438,1.546,0.022,0.136,0.147,0.393,0.056,2.704,3.501,0.665,0.786,120.0,587.30435,804.64196,72.67614,124.68239,-47.22041,-10.83243,-242.61217,-55.65559,118.3368,0.0,799.913826,812.233994,553.677537,404.342919,42.118826,83.021855,106.431527,82.534524,0.413844,0.179554,0.11804,0.093904,-999.0,-999.0,-999.0,-999.0,-999.0,-999.0,-999.0,-999.0,52.904671,53.495341,2.318155,0.133813,0.269792,3.0,10.0,8.0,4.0,3.0,10.0,8.0,4.0,3.0,10.0,8.0,4.0,4.0,10.0,8.0,4.0,0.05207,0.10137,0.19102,0.20321,1.0,1.0,29:01:2021,12:11:38,624.0,-23.5615,-46.734983,786.0,lev20,Almucantar<br>
2010-09-03 10:27:17,Sao_Paulo,246.0,246.435613,0.51242,0.266624,0.180335,0.14369,1.524211,0.5139,0.2669,0.1808,0.1442,0.4543,0.2021,0.1129,0.075,0.0597,0.0647,0.068,0.0692,1.525065,0.8277,0.8115,0.7835,0.7662,0.088575,0.050311,0.039157,0.033715,1.204664,1.5528,1.5391,1.5372,1.5283,0.033349,0.025139,0.024365,0.023996,0.685273,0.621941,0.600186,0.602876,0.655608,0.558623,0.481583,0.425125,1.045813,0.89017,0.83955,0.819547,-999.0,0.000546,0.004431,0.017028,0.034018,0.042735,0.035098,0.019297,0.00948,0.006231,0.006347,0.008365,0.01191,0.016927,0.022905,0.03027,0.042115,0.057333,0.059197,0.035048,0.011703,0.002645,0.000459,0.439,0.129,0.369,1.094,1.55,0.045,0.143,0.156,0.418,0.084,2.393,3.12,0.678,0.786,120.0,179.24762,365.9947,27.49644,85.59084,-72.34019,-16.03243,-195.13004,-43.24578,82.11724,0.0,215.525433,261.715187,198.551584,145.337992,11.822958,30.238834,44.692273,34.755497,0.836921,0.490673,0.342579,0.281201,90.504,57.065,44.291,40.133,0.005167,0.010891,0.01241,0.004411,74.087189,74.747407,0.731355,0.011723,0.51242,4.0,10.0,7.0,6.0,4.0,10.0,7.0,6.0,4.0,10.0,7.0,6.0,4.0,10.0,7.0,6.0,0.06087,0.1215,0.23216,0.24441,1.0,1.0,06:01:2018,14:59:37,624.0,-23.5615,-46.734983,786.0,lev20,Almucantar<br>
2010-09-03 10:50:05,Sao_Paulo,246.0,246.451447,0.518827,0.271304,0.184399,0.147761,1.510111,0.5202,0.2717,0.1849,0.1485,0.4596,0.2057,0.116,0.0785,0.0607,0.066,0.0689,0.07,1.510306,0.8129,0.7982,0.7739,0.7574,0.097325,0.054817,0.041808,0.036028,1.244244,1.5032,1.5114,1.5179,1.5168,0.03441,0.025628,0.024383,0.024094,0.693017,0.616695,0.593066,0.594601,0.66268,0.548337,0.466376,0.408933,1.055257,0.89994,0.846819,0.824502,-999.0,0.000499,0.005398,0.022904,0.043369,0.049854,0.038013,0.019235,0.009326,0.006328,0.006397,0.008142,0.01201,0.017867,0.02312,0.029935,0.041959,0.058192,0.060854,0.037299,0.013024,0.002879,0.000435,0.439,0.138,0.335,0.998,1.591,0.052,0.138,0.15,0.412,0.086,2.414,3.155,0.68,0.786,120.0,256.94097,475.07128,37.12075,97.32837,-85.46625,-15.44587,-228.69885,-41.33156,100.02947,0.0,309.698671,371.566684,274.925893,202.739769,16.954737,41.633428,59.2141,46.269059,0.74109,0.406232,0.281459,0.229041,103.04,59.046,45.06,40.4,0.005608,0.011113,0.012897,0.004665,69.105158,69.756586,2.000153,0.013665,0.518827,4.0,10.0,5.0,6.0,4.0,10.0,6.0,6.0,4.0,10.0,7.0,6.0,4.0,10.0,7.0,6.0,0.05784,0.11457,0.21811,0.23012,1.0,1.0,29:01:2021,11:52:05,624.0,-23.5615,-46.734983,786.0,lev20,Almucantar<br>
2010-09-03 11:39:30,Sao_Paulo,246.0,246.485764,0.544208,0.28328,0.194373,0.154679,1.504784,0.5454,0.2838,0.1946,0.1556,0.4848,0.218,0.1258,0.0856,0.0606,0.0657,0.0688,0.0701,1.506206,0.7935,0.7839,0.7604,0.7493,0.11262,0.061331,0.046621,0.039019,1.300795,1.5242,1.5311,1.5441,1.5461,0.040235,0.030462,0.028265,0.026364,0.680681,0.607227,0.582668,0.582053,0.650319,0.540298,0.463148,0.409424,1.061115,0.903346,0.844687,0.816676,-999.0,0.000563,0.007311,0.029183,0.045178,0.046783,0.036262,0.01858,0.009277,0.006345,0.006366,0.008433,0.013347,0.01868,0.021917,0.028539,0.041339,0.056883,0.058553,0.036233,0.013321,0.003103,0.000477,0.439,0.138,0.316,0.952,1.611,0.053,0.133,0.145,0.425,0.084,2.379,3.126,0.69,0.786,120.0,427.65243,695.02706,56.03139,115.88214,-104.44896,-12.60501,-266.8975,-32.20946,131.66954,0.0,526.838901,605.727708,432.066576,319.576294,28.107067,63.710522,85.978746,67.438663,0.597905,0.311138,0.214133,0.172283,102.73,57.828,43.659,37.79,0.004636,0.013102,0.013037,0.003374,58.615886,59.236956,1.655904,0.03808,0.544208,4.0,10.0,7.0,5.0,4.0,10.0,7.0,5.0,4.0,10.0,7.0,5.0,3.0,11.0,7.0,5.0,0.05356,0.1048,0.19814,0.21028,1.0,1.0,06:01:2018,15:00:08,624.0,-23.5615,-46.734983,786.0,lev20,Almucantar<br>
2010-09-03 12:08:49,Sao_Paulo,246.0,246.506123,0.533435,0.27476,0.186846,0.147782,1.532845,0.5344,0.2751,0.1874,0.1485,0.4847,0.2229,0.1329,0.0923,0.0498,0.0522,0.0546,0.0562,1.531474,0.7963,0.7973,0.7674,0.7452,0.10887,0.055752,0.043605,0.037829,1.358865,1.4983,1.5151,1.5304,1.5287,0.038304,0.026101,0.025775,0.025893,0.682316,0.599952,0.572976,0.574023,0.654994,0.544434,0.477857,0.43635,1.107186,0.930736,0.863826,0.835363,-999.0,0.00043,0.006896,0.031612,0.05105,0.049737,0.036722,0.019144,0.009513,0.00598,0.005504,0.007574,0.012922,0.018651,0.020574,0.025815,0.035719,0.048015,0.051975,0.036472,0.014534,0.003138,0.00037,0.576,0.134,0.292,0.855,1.637,0.058,0.135,0.149,0.459,0.076,2.578,3.268,0.659,0.786,120.0,527.89072,809.09014,66.39693,124.21282,-104.36646,-10.96149,-273.8944,-28.76681,144.96808,0.0,666.60245,742.701933,519.982765,383.645982,35.004121,75.964019,100.045245,78.355432,0.538739,0.27526,0.18564,0.145038,105.03,55.173,42.369,38.592,0.005652,0.011179,0.011804,0.00326,52.690482,53.283432,1.634543,0.024979,0.533435,3.0,10.0,8.0,4.0,3.0,10.0,8.0,4.0,3.0,10.0,8.0,4.0,4.0,10.0,8.0,4.0,0.05202,0.10126,0.19078,0.20299,1.0,1.0,29:01:2021,11:53:06,624.0,-23.5615,-46.734983,786.0,lev20,Almucantar<br>
2010-09-04 10:26:22,Sao_Paulo,247.0,247.434977,0.366802,0.195065,0.136902,0.111708,1.442053,0.3681,0.1962,0.1373,0.1124,0.3165,0.1406,0.0787,0.0526,0.0516,0.0556,0.0586,0.0598,1.442327,-999.0,-999.0,-999.0,-999.0,-999.0,-999.0,-999.0,-999.0,-999.0,-999.0,-999.0,-999.0,-999.0,-999.0,-999.0,-999.0,-999.0,0.668705,0.627208,0.621804,0.630808,0.628003,0.548623,0.487609,0.440284,1.061172,0.898132,0.841715,0.819522,-999.0,0.000463,0.006811,0.022374,0.024576,0.021807,0.020303,0.013847,0.006968,0.004883,0.005607,0.007258,0.010241,0.014614,0.019144,0.025086,0.03466,0.049132,0.057415,0.035355,0.01098,0.002319,0.000411,0.439,0.107,0.381,1.255,1.559,0.032,0.13,0.144,0.47,0.075,2.463,3.223,0.679,0.786,120.0,196.17989,366.6287,30.0108,82.59844,-60.01658,-12.1887,-224.63368,-45.62061,76.33963,0.0,237.462069,284.882304,211.553277,153.887661,13.244644,33.382327,48.02993,37.005927,0.750633,0.392821,0.274266,0.228465,-999.0,-999.0,-999.0,-999.0,-999.0,-999.0,-999.0,-999.0,74.049649,74.711179,0.993016,0.006786,0.366802,4.0,10.0,7.0,6.0,4.0,10.0,7.0,6.0,4.0,10.0,7.0,6.0,4.0,10.0,7.0,6.0,0.06087,0.12148,0.23207,0.24429,1.0,1.0,06:01:2018,15:06:45,624.0,-23.5615,-46.734983,786.0,lev20,Almucantar<br>
2010-09-04 10:48:57,Sao_Paulo,247.0,247.45066,0.376159,0.199059,0.13949,0.113733,1.451698,0.3774,0.2003,0.1399,0.1145,0.3255,0.1441,0.0808,0.0542,0.0519,0.0562,0.0592,0.0603,1.451459,-999.0,-999.0,-999.0,-999.0,-999.0,-999.0,-999.0,-999.0,-999.0,-999.0,-999.0,-999.0,-999.0,-999.0,-999.0,-999.0,-999.0,0.687436,0.620317,0.610003,0.62123,0.64802,0.54062,0.468758,0.417908,1.073764,0.892711,0.840672,0.822953,-999.0,0.000395,0.004986,0.020328,0.031917,0.030309,0.022713,0.013078,0.006763,0.004985,0.005858,0.00767,0.009931,0.013663,0.019054,0.025429,0.035396,0.049024,0.055137,0.036971,0.01309,0.002691,0.000351,0.439,0.111,0.368,1.186,1.58,0.036,0.133,0.145,0.434,0.075,2.472,3.252,0.685,0.786,120.0,279.36455,475.24914,40.1381,95.12704,-68.14771,-12.33176,-249.69901,-45.18462,92.51853,0.0,337.923977,402.820458,290.609894,212.533827,18.704466,45.444928,62.849909,48.637254,0.647199,0.329788,0.228432,0.186262,-999.0,-999.0,-999.0,-999.0,-999.0,-999.0,-999.0,-999.0,69.103666,69.756764,1.54234,0.005246,0.376159,4.0,10.0,6.0,6.0,4.0,10.0,6.0,6.0,4.0,10.0,7.0,6.0,4.0,10.0,7.0,6.0,0.05784,0.11457,0.21812,0.23012,1.0,1.0,29:01:2021,11:57:51,624.0,-23.5615,-46.734983,786.0,lev20,Almucantar<br>
2010-09-04 11:38:12,Sao_Paulo,247.0,247.484861,0.410293,0.213319,0.149953,0.121716,1.474983,0.4111,0.2151,0.1504,0.1237,0.3573,0.1573,0.0895,0.0614,0.0538,0.0578,0.0609,0.0623,1.472121,0.7828,0.7627,0.7456,0.7392,0.089307,0.051033,0.038257,0.032265,1.244392,1.6,1.5789,1.5795,1.5794,0.045925,0.036004,0.031926,0.029463,0.661324,0.614302,0.607218,0.613907,0.621161,0.533675,0.472235,0.429248,1.078169,0.914978,0.850711,0.821398,-999.0,0.000686,0.006495,0.021628,0.030148,0.02671,0.019473,0.011939,0.007213,0.005602,0.005981,0.00745,0.009826,0.013712,0.019446,0.027396,0.039049,0.052703,0.056069,0.03796,0.014579,0.00304,0.00034,0.439,0.113,0.379,1.26,1.571,0.035,0.129,0.142,0.457,0.079,2.495,3.273,0.68,0.786,120.0,452.9246,695.10768,58.96806,113.60248,-84.77708,-9.38099,-286.87088,-31.74363,118.02774,0.0,569.542666,634.196481,446.518306,328.667926,30.468294,66.746998,88.854352,69.342809,0.519315,0.248791,0.172448,0.141677,89.642,55.754,44.179,38.884,0.004565,0.013516,0.014246,0.004894,58.614785,59.238467,1.53211,0.079157,0.410293,4.0,10.0,7.0,5.0,4.0,10.0,7.0,5.0,4.0,10.0,7.0,5.0,3.0,11.0,7.0,5.0,0.05356,0.10481,0.19817,0.21028,1.0,1.0,06:01:2018,15:07:05,624.0,-23.5615,-46.734983,786.0,lev20,Almucantar<br>
2010-09-04 12:07:49,Sao_Paulo,247.0,247.505428,0.300107,0.162851,0.118005,0.096766,1.368952,0.3048,0.1682,0.1209,0.1006,0.2571,0.1173,0.0676,0.0461,0.0477,0.0509,0.0533,0.0545,1.353483,-999.0,-999.0,-999.0,-999.0,-999.0,-999.0,-999.0,-999.0,-999.0,-999.0,-999.0,-999.0,-999.0,-999.0,-999.0,-999.0,-999.0,0.679778,0.621547,0.610363,0.618618,0.6321,0.528536,0.460028,0.415627,1.079903,0.914513,0.848047,0.819096,-999.0,0.000432,0.003452,0.01291,0.023493,0.023196,0.01496,0.008125,0.004903,0.003981,0.004432,0.005966,0.008454,0.011935,0.016943,0.024735,0.036617,0.049282,0.050517,0.033427,0.012928,0.002799,0.000335,0.439,0.096,0.44,1.455,1.509,0.025,0.133,0.145,0.432,0.071,2.584,3.331,0.658,0.786,120.0,577.40113,811.13117,71.62253,122.3701,-64.26914,-7.68629,-286.41904,-34.25437,120.9784,0.0,770.589236,796.017972,545.841546,399.931946,40.501761,81.23553,104.777648,81.539594,0.4155,0.190126,0.13187,0.107915,-999.0,-999.0,-999.0,-999.0,-999.0,-999.0,-999.0,-999.0,52.600784,53.196712,3.534762,0.347083,0.300107,3.0,10.0,8.0,4.0,3.0,10.0,8.0,4.0,3.0,10.0,8.0,4.0,4.0,10.0,8.0,4.0,0.052,0.10121,0.19069,0.2029,1.0,1.0,06:01:2018,15:05:55,624.0,-23.5615,-46.734983,786.0,lev20,Almucantar<br>
2010-09-04 12:17:08,Sao_Paulo,247.0,247.511898,0.282869,0.155342,0.112618,0.09269,1.349804,0.2837,0.1571,0.1109,0.0927,0.2392,0.1098,0.0612,0.0418,0.0445,0.0473,0.0497,0.0509,1.371738,-999.0,-999.0,-999.0,-999.0,-999.0,-999.0,-999.0,-999.0,-999.0,-999.0,-999.0,-999.0,-999.0,-999.0,-999.0,-999.0,-999.0,0.677528,0.61632,0.605068,0.610697,0.633047,0.533571,0.465589,0.41866,1.055871,0.88322,0.820425,0.795098,-999.0,0.000358,0.002674,0.010003,0.01938,0.021155,0.014485,0.007675,0.004352,0.003437,0.00412,0.00641,0.009966,0.013162,0.016708,0.023646,0.035277,0.044835,0.039419,0.021841,0.007657,0.001723,0.00025,0.439,0.084,0.443,1.362,1.462,0.022,0.136,0.149,0.426,0.062,2.367,3.028,0.658,0.786,120.0,613.09208,844.66907,75.12525,124.998,-58.78665,-7.38644,-279.38527,-35.10428,120.60038,0.0,819.126711,842.844273,575.526917,420.778703,42.81127,85.315974,109.424293,85.021288,0.38796,0.178041,0.120901,0.09814,-999.0,-999.0,-999.0,-999.0,-999.0,-999.0,-999.0,-999.0,50.772218,51.357234,2.672208,0.110388,0.282869,3.0,10.0,8.0,4.0,3.0,10.0,8.0,4.0,3.0,10.0,8.0,4.0,3.0,10.0,8.0,4.0,0.05161,0.10032,0.18881,0.20105,1.0,1.0,06:01:2018,15:05:54,624.0,-23.5615,-46.734983,786.0,lev20,Almucantar<br>
2010-09-10 19:30:46,Sao_Paulo,253.0,253.813032,0.295001,0.157113,0.107616,0.083774,1.471591,0.2956,0.1572,0.1078,0.0848,0.2741,0.1347,0.0842,0.0606,0.0215,0.0226,0.0236,0.0242,1.472366,-999.0,-999.0,-999.0,-999.0,-999.0,-999.0,-999.0,-999.0,-999.0,-999.0,-999.0,-999.0,-999.0,-999.0,-999.0,-999.0,-999.0,0.755641,0.698604,0.653612,0.632058,0.73871,0.668233,0.6006,0.55219,1.095281,0.93522,0.880362,0.861612,-999.0,0.000362,0.00162,0.004717,0.009722,0.016896,0.027069,0.030928,0.017212,0.006517,0.003381,0.003126,0.004444,0.007417,0.011087,0.013441,0.016184,0.02023,0.021381,0.015166,0.006596,0.00178,0.000306,0.756,0.065,0.361,0.854,1.48,0.033,0.193,0.216,0.474,0.032,2.786,3.386,0.611,0.786,120.0,265.37802,427.57259,40.33562,93.43407,-39.60414,-14.40387,-180.95071,-65.81106,90.38705,0.0,324.129812,374.609829,276.10366,212.02151,18.936056,44.532832,64.017314,51.764292,0.691019,0.341727,0.225278,0.168494,-999.0,-999.0,-999.0,-999.0,-999.0,-999.0,-999.0,-999.0,71.488987,70.824124,1.857843,0.01383,0.295001,4.0,10.0,7.0,6.0,4.0,10.0,7.0,6.0,4.0,10.0,7.0,6.0,4.0,10.0,7.0,6.0,0.06196,0.12144,0.23466,0.24577,1.0,1.0,06:01:2018,14:59:29,624.0,-23.5615,-46.734983,786.0,lev20,Almucantar<br>
2010-09-10 19:54:27,Sao_Paulo,253.0,253.829479,0.25777,0.137982,0.095323,0.075239,1.45256,0.2584,0.1379,0.0956,0.0759,0.2387,0.117,0.0737,0.0534,0.0197,0.0209,0.0219,0.0225,1.452688,-999.0,-999.0,-999.0,-999.0,-999.0,-999.0,-999.0,-999.0,-999.0,-999.0,-999.0,-999.0,-999.0,-999.0,-999.0,-999.0,-999.0,0.774808,0.704382,0.660514,0.640515,0.757803,0.669749,0.597865,0.547759,1.091709,0.95063,0.906019,0.88474,-999.0,0.000288,0.001407,0.004935,0.01234,0.022121,0.030011,0.029322,0.016636,0.007007,0.003781,0.003291,0.004204,0.006325,0.009263,0.012547,0.016289,0.019472,0.018318,0.011787,0.005031,0.001469,0.000301,0.756,0.064,0.325,0.73,1.47,0.035,0.189,0.211,0.474,0.029,2.734,3.302,0.601,0.786,120.0,174.31772,308.86461,28.6394,75.53734,-33.53599,-11.3157,-177.874,-60.01815,66.7901,0.0,206.018486,247.204201,189.470809,148.934477,12.126255,30.797831,46.693203,38.605445,0.792559,0.395237,0.255922,0.191412,-999.0,-999.0,-999.0,-999.0,-999.0,-999.0,-999.0,-999.0,76.765305,76.094742,2.907511,0.005271,0.25777,4.0,10.0,7.0,6.0,4.0,10.0,7.0,6.0,4.0,10.0,6.0,5.0,4.0,10.0,7.0,5.0,0.066,0.13046,0.25316,0.26344,1.0,1.0,06:01:2018,14:58:10,624.0,-23.5615,-46.734983,786.0,lev20,Almucantar<br>
2010-09-11 11:29:19,Sao_Paulo,254.0,254.478692,0.19812,0.10836,0.077519,0.062053,1.373504,0.1982,0.1089,0.0775,0.0617,0.1762,0.0846,0.0518,0.0356,0.022,0.0244,0.0256,0.026,1.373249,-999.0,-999.0,-999.0,-999.0,-999.0,-999.0,-999.0,-999.0,-999.0,-999.0,-999.0,-999.0,-999.0,-999.0,-999.0,-999.0,-999.0,0.760913,0.693095,0.662551,0.660318,0.737918,0.641617,0.5666,0.51378,1.036985,0.911769,0.877076,0.867132,-999.0,0.000255,0.001504,0.005421,0.012373,0.019522,0.022538,0.01733,0.009011,0.004931,0.004213,0.005126,0.00617,0.006365,0.006968,0.009435,0.013474,0.017215,0.017012,0.011715,0.005175,0.001397,0.000226,0.576,0.054,0.327,0.796,1.512,0.026,0.17,0.189,0.465,0.028,2.288,3.019,0.717,0.786,120.0,505.78301,698.1118,67.70543,112.73936,-35.69366,-5.07345,-244.45727,-34.74683,96.82992,0.0,687.375464,702.350481,478.686189,348.13927,38.451022,76.061888,99.607219,77.174826,0.402872,0.169505,0.110771,0.084746,-999.0,-999.0,-999.0,-999.0,-999.0,-999.0,-999.0,-999.0,58.582496,59.223059,2.584421,0.052844,0.19812,4.0,10.0,7.0,5.0,4.0,10.0,7.0,5.0,4.0,10.0,7.0,5.0,3.0,8.0,7.0,5.0,0.05574,0.10777,0.20725,0.22104,1.0,1.0,29:01:2021,12:52:45,624.0,-23.5615,-46.734983,786.0,lev20,Almucantar<br>
2010-09-11 12:07:11,Sao_Paulo,254.0,254.504988,0.16274,0.086807,0.06365,0.051825,1.380086,0.1638,0.0901,0.0628,0.0509,0.1476,0.0727,0.0443,0.0319,0.0163,0.0175,0.0185,0.0189,1.398739,-999.0,-999.0,-999.0,-999.0,-999.0,-999.0,-999.0,-999.0,-999.0,-999.0,-999.0,-999.0,-999.0,-999.0,-999.0,-999.0,-999.0,0.723738,0.662167,0.633689,0.624732,0.702021,0.618207,0.553863,0.508298,1.03401,0.906611,0.864537,0.845384,-999.0,0.000185,0.001183,0.004479,0.010261,0.014832,0.014371,0.010193,0.006069,0.003682,0.002759,0.002811,0.00371,0.005449,0.007753,0.010171,0.012215,0.012937,0.011171,0.00722,0.003254,0.000972,0.000188,0.576,0.04,0.33,0.821,1.499,0.018,0.164,0.182,0.477,0.022,2.304,2.907,0.665,0.786,120.0,645.38952,848.97551,81.8953,124.93584,-30.52007,-3.53263,-251.99127,-29.16744,95.68806,-0.0,894.781532,880.889548,593.218254,431.757843,48.671356,91.481619,117.527398,91.344086,0.322657,0.125615,0.077936,0.058956,-999.0,-999.0,-999.0,-999.0,-999.0,-999.0,-999.0,-999.0,50.69293,51.30254,4.523763,0.201329,0.16274,3.0,10.0,8.0,4.0,3.0,10.0,8.0,4.0,3.0,9.0,5.0,4.0,3.0,10.0,4.0,4.0,0.05373,0.10308,0.19704,0.21078,1.0,1.0,29:01:2021,12:52:35,624.0,-23.5615,-46.734983,786.0,lev20,Almucantar<br>
2010-09-11 18:06:07,Sao_Paulo,254.0,254.754248,0.103599,0.059192,0.048009,0.039459,1.141591,0.1029,0.0601,0.0466,0.0412,0.078,0.0336,0.0188,0.0128,0.0249,0.0265,0.0278,0.0284,1.166374,-999.0,-999.0,-999.0,-999.0,-999.0,-999.0,-999.0,-999.0,-999.0,-999.0,-999.0,-999.0,-999.0,-999.0,-999.0,-999.0,-999.0,0.686909,0.655383,0.657851,0.667324,0.615905,0.527763,0.469076,0.430045,1.024558,0.867065,0.811609,0.789725,-999.0,0.000219,0.00149,0.004758,0.007512,0.00675,0.004274,0.00247,0.001707,0.001654,0.002147,0.00311,0.004424,0.006246,0.009073,0.013889,0.021451,0.028267,0.026628,0.01604,0.005798,0.00122,0.000148,0.439,0.046,0.591,1.883,1.344,0.008,0.129,0.142,0.458,0.038,2.599,3.286,0.633,0.786,120.0,623.83676,807.5434,79.89472,122.47602,-20.51802,-3.94252,-266.3299,-51.175,81.71432,0.0,842.203572,840.067794,570.919757,424.29158,46.256968,88.203391,114.329304,90.268777,0.28597,0.100513,0.066983,0.054105,-999.0,-999.0,-999.0,-999.0,-999.0,-999.0,-999.0,-999.0,53.137486,52.519326,2.779724,0.109602,0.103599,4.0,10.0,8.0,4.0,4.0,10.0,8.0,4.0,3.0,10.0,8.0,4.0,3.0,10.0,8.0,4.0,0.05442,0.10442,0.19943,0.21211,1.0,1.0,29:01:2021,12:53:09,624.0,-23.5615,-46.734983,786.0,lev20,Almucantar<br>
2010-09-11 18:42:54,Sao_Paulo,254.0,254.779792,0.10824,0.061849,0.04996,0.041312,1.146767,0.1097,0.0631,0.0489,0.0436,0.083,0.0349,0.0192,0.0131,0.0267,0.0283,0.0298,0.0305,1.19076,-999.0,-999.0,-999.0,-999.0,-999.0,-999.0,-999.0,-999.0,-999.0,-999.0,-999.0,-999.0,-999.0,-999.0,-999.0,-999.0,-999.0,0.679441,0.648079,0.659388,0.671951,0.597406,0.501651,0.450447,0.41919,1.075493,0.890894,0.824414,0.796462,-999.0,0.000251,0.00195,0.0062,0.008638,0.006403,0.003474,0.001981,0.001555,0.00178,0.002546,0.003643,0.004829,0.006265,0.008355,0.012277,0.0197,0.029874,0.033596,0.0227,0.008262,0.001555,0.000149,0.439,0.051,0.589,2.02,1.373,0.009,0.121,0.133,0.46,0.042,2.717,3.505,0.65,0.786,120.0,483.919,654.92428,65.59246,108.4743,-24.13955,-4.25717,-297.16075,-52.40627,74.45544,-0.0,635.994186,661.395552,456.84714,342.002366,36.045603,72.73153,96.405116,76.316925,0.341702,0.119996,0.080088,0.065573,-999.0,-999.0,-999.0,-999.0,-999.0,-999.0,-999.0,-999.0,60.90854,60.263332,3.958982,0.104371,0.10824,3.0,10.0,8.0,5.0,3.0,10.0,8.0,5.0,3.0,10.0,8.0,5.0,2.0,8.0,8.0,5.0,0.05674,0.10969,0.21053,0.22271,1.0,1.0,06:01:2018,15:03:28,624.0,-23.5615,-46.734983,786.0,lev20,Almucantar<br>
2010-09-11 19:31:10,Sao_Paulo,254.0,254.81331,0.089538,0.050363,0.040034,0.033244,1.19221,0.0906,0.0522,0.0394,0.0343,0.0704,0.0306,0.017,0.0115,0.0202,0.0216,0.0225,0.0228,1.222692,-999.0,-999.0,-999.0,-999.0,-999.0,-999.0,-999.0,-999.0,-999.0,-999.0,-999.0,-999.0,-999.0,-999.0,-999.0,-999.0,-999.0,0.693651,0.650135,0.661025,0.676283,0.616728,0.502664,0.438831,0.400804,1.085007,0.918109,0.859173,0.831767,-999.0,0.000175,0.00141,0.004881,0.007626,0.006206,0.003416,0.0018,0.001234,0.001236,0.001627,0.002307,0.003205,0.004466,0.006469,0.009791,0.014816,0.020127,0.021007,0.014309,0.005618,0.00119,0.000133,0.439,0.036,0.511,1.763,1.441,0.007,0.124,0.135,0.438,0.029,2.681,3.428,0.646,0.786,120.0,296.58142,428.72335,45.00594,85.18131,-18.69281,-4.24427,-277.62112,-63.03495,57.44862,-0.0,367.725745,411.091685,293.970718,223.305976,21.940176,49.497181,68.729718,54.786269,0.466212,0.156601,0.098217,0.076309,-999.0,-999.0,-999.0,-999.0,-999.0,-999.0,-999.0,-999.0,71.485403,70.819251,3.032724,0.07393,0.089538,4.0,10.0,7.0,6.0,4.0,10.0,7.0,6.0,4.0,10.0,7.0,6.0,4.0,10.0,7.0,6.0,0.0619,0.12135,0.23462,0.24576,1.0,1.0,06:01:2018,15:03:30,624.0,-23.5615,-46.734983,786.0,lev20,Almucantar<br>
2010-09-11 19:54:08,Sao_Paulo,254.0,254.829259,0.095798,0.052863,0.041107,0.034473,1.250623,0.0966,0.0541,0.0405,0.0352,0.0762,0.0323,0.0178,0.0121,0.0204,0.0217,0.0227,0.023,1.27742,-999.0,-999.0,-999.0,-999.0,-999.0,-999.0,-999.0,-999.0,-999.0,-999.0,-999.0,-999.0,-999.0,-999.0,-999.0,-999.0,-999.0,0.69666,0.648118,0.657407,0.673167,0.619449,0.504845,0.440122,0.40083,1.118974,0.921551,0.859671,0.834036,-999.0,0.000172,0.001418,0.005012,0.007943,0.006533,0.003713,0.001977,0.001292,0.001241,0.001678,0.002449,0.003271,0.00424,0.005896,0.008793,0.013545,0.020004,0.023859,0.01843,0.00771,0.001576,0.000152,0.439,0.038,0.523,1.87,1.461,0.008,0.125,0.136,0.436,0.03,2.819,3.652,0.655,0.786,120.0,200.08072,313.37546,32.81303,70.72627,-17.8859,-4.57996,-251.84467,-64.48871,49.25743,0.0,233.221165,281.339584,209.290508,161.393955,14.134297,35.808863,52.252242,42.150682,0.600816,0.211318,0.131451,0.100894,-999.0,-999.0,-999.0,-999.0,-999.0,-999.0,-999.0,-999.0,76.610157,75.938696,2.258364,0.045012,0.095798,4.0,10.0,7.0,6.0,4.0,10.0,7.0,6.0,4.0,10.0,7.0,5.0,4.0,10.0,7.0,5.0,0.06579,0.13007,0.25244,0.26283,1.0,1.0,29:01:2021,12:53:15,624.0,-23.5615,-46.734983,786.0,lev20,Almucantar<br>
2010-09-12 10:17:36,Sao_Paulo,255.0,255.428889,0.478652,0.24381,0.159515,0.124432,1.600662,0.4798,0.2449,0.1599,0.1247,0.4332,0.1946,0.1069,0.0707,0.0466,0.0504,0.053,0.0541,1.600146,0.8719,0.8434,0.82,0.8041,0.061473,0.038348,0.028778,0.024439,1.107049,1.5378,1.535,1.5365,1.5323,0.022839,0.020984,0.019623,0.019152,0.687156,0.612355,0.576868,0.570113,0.664584,0.560925,0.474296,0.4097,1.021966,0.880388,0.828028,0.807356,-999.0,0.000397,0.003164,0.012481,0.028801,0.044251,0.039939,0.019061,0.007243,0.004296,0.004742,0.006778,0.009193,0.012937,0.018892,0.025023,0.033263,0.043778,0.045309,0.027651,0.009787,0.002373,0.00044,0.439,0.109,0.344,0.969,1.565,0.043,0.148,0.16,0.385,0.066,2.407,3.128,0.676,0.786,120.0,190.54261,369.21765,30.52592,89.79995,-63.48953,-18.05715,-184.78514,-52.555,84.20617,0.0,236.410605,276.667574,208.370944,151.743133,13.51847,32.91719,49.27917,38.377688,0.828292,0.470348,0.319641,0.256906,82.179,56.095,40.232,34.185,0.004145,0.011744,0.012826,0.004764,74.050876,74.722109,0.779496,0.003363,0.478652,4.0,10.0,7.0,6.0,4.0,10.0,7.0,6.0,4.0,10.0,7.0,6.0,4.0,10.0,7.0,6.0,0.06308,0.12485,0.24368,0.25829,1.0,1.0,06:01:2018,15:06:14,624.0,-23.5615,-46.734983,786.0,lev20,Almucantar<br>
2010-09-12 10:39:59,Sao_Paulo,255.0,255.444433,0.478238,0.243387,0.159483,0.124656,1.600008,0.4794,0.2445,0.1599,0.1251,0.4319,0.1934,0.1061,0.07,0.0475,0.0511,0.0538,0.0551,1.599249,0.8684,0.8479,0.8269,0.8117,0.063105,0.037191,0.027685,0.023564,1.20573,1.5431,1.5481,1.5542,1.5519,0.023651,0.020102,0.018469,0.018047,0.682971,0.602384,0.565157,0.559009,0.659414,0.549191,0.460124,0.395441,1.024096,0.873683,0.816968,0.794975,-999.0,0.000471,0.003184,0.012247,0.029893,0.047419,0.038066,0.015926,0.006106,0.003935,0.004732,0.007293,0.01049,0.013811,0.018309,0.024101,0.032964,0.044033,0.047009,0.02909,0.00973,0.002267,0.000444,0.439,0.109,0.344,0.981,1.571,0.042,0.146,0.156,0.376,0.067,2.399,3.126,0.681,0.786,120.0,273.50752,478.61932,41.10227,103.80207,-71.30706,-19.39313,-207.99304,-56.56714,103.69908,0.0,341.664814,393.961639,288.739304,211.566968,19.476034,45.4191,65.216577,50.95042,0.733846,0.390458,0.262237,0.208235,83.074,51.417,35.265,29.707,0.003861,0.011629,0.012308,0.004169,69.066771,69.731882,0.843896,0.003407,0.478238,4.0,10.0,7.0,6.0,4.0,10.0,7.0,6.0,4.0,10.0,7.0,6.0,4.0,10.0,7.0,6.0,0.06004,0.11778,0.22861,0.24274,1.0,1.0,29:01:2021,13:06:03,624.0,-23.5615,-46.734983,786.0,lev20,Almucantar<br>
2010-09-12 11:28:03,Sao_Paulo,255.0,255.477812,0.483455,0.245224,0.161347,0.12539,1.599804,0.4848,0.2464,0.1616,0.1262,0.4369,0.195,0.1077,0.071,0.0479,0.0514,0.0539,0.0552,1.600905,0.8781,0.8698,0.8523,0.8375,0.059071,0.032084,0.023868,0.020512,1.333136,1.5184,1.5412,1.5569,1.5587,0.020514,0.015069,0.014152,0.014107,0.682148,0.590234,0.55026,0.543394,0.658406,0.535589,0.443435,0.378243,1.022928,0.862693,0.805867,0.783438,-999.0,0.000404,0.003428,0.015331,0.037027,0.05272,0.039194,0.014559,0.005456,0.003599,0.004414,0.006907,0.010512,0.01467,0.018483,0.023939,0.034637,0.046745,0.047218,0.029647,0.011087,0.002544,0.00037,0.439,0.115,0.324,0.932,1.597,0.046,0.141,0.151,0.367,0.069,2.445,3.165,0.674,0.786,120.0,456.43364,698.74451,61.87524,126.58972,-76.27614,-20.44797,-221.37076,-59.34466,140.03522,0.0,594.573627,645.096106,453.742581,332.797162,33.054679,69.813394,94.490053,73.845869,0.59815,0.303066,0.202043,0.157692,84.114,45.75,30.246,25.092,0.00443,0.010314,0.011732,0.004085,58.58156,59.224348,1.127781,0.019406,0.483455,4.0,10.0,7.0,5.0,4.0,10.0,7.0,5.0,4.0,10.0,7.0,5.0,3.0,11.0,7.0,5.0,0.05573,0.10776,0.20723,0.22104,1.0,1.0,06:01:2018,15:06:48,624.0,-23.5615,-46.734983,786.0,lev20,Almucantar<br>
2010-09-12 11:56:37,Sao_Paulo,255.0,255.49765,0.535249,0.269726,0.175494,0.13505,1.624578,0.5366,0.271,0.1759,0.1361,0.4879,0.2188,0.1212,0.0801,0.0487,0.0522,0.0547,0.056,1.624321,0.8806,0.8681,0.8473,0.833,0.064054,0.035745,0.026854,0.022725,1.27833,1.5256,1.5498,1.5661,1.5688,0.020701,0.015883,0.015223,0.014992,0.676766,0.583133,0.540406,0.530874,0.654889,0.532746,0.441347,0.376706,1.021461,0.862513,0.804961,0.780659,-999.0,0.000414,0.003853,0.017683,0.041612,0.057514,0.042363,0.015707,0.005856,0.003727,0.004441,0.007288,0.01151,0.0151,0.018078,0.024029,0.034169,0.04442,0.046285,0.032357,0.013444,0.003241,0.00046,0.439,0.12,0.309,0.881,1.617,0.051,0.14,0.15,0.367,0.07,2.442,3.197,0.69,0.786,120.0,548.97578,815.36523,71.53202,136.70741,-85.27624,-20.21318,-224.09942,-53.11869,160.42192,0.0,722.007816,768.174705,535.688714,393.715687,39.491513,80.794304,107.684503,84.404189,0.571541,0.28966,0.190735,0.147168,82.792,45.324,30.084,24.694,0.004394,0.009622,0.010867,0.003345,52.566974,53.188456,1.252464,0.026353,0.535249,3.0,10.0,8.0,4.0,3.0,10.0,8.0,4.0,3.0,10.0,8.0,4.0,4.0,10.0,8.0,4.0,0.05413,0.10401,0.1991,0.21288,1.0,1.0,29:01:2021,13:05:56,624.0,-23.5615,-46.734983,786.0,lev20,Almucantar<br>
2010-09-12 12:06:05,Sao_Paulo,255.0,255.504225,0.55492,0.278956,0.180518,0.138675,1.635459,0.5561,0.2801,0.1811,0.1395,0.5091,0.2295,0.128,0.0852,0.047,0.0506,0.0531,0.0544,1.63355,0.8811,0.8656,0.8417,0.823,0.066093,0.037654,0.028666,0.024696,1.228898,1.5331,1.552,1.5671,1.569,0.021361,0.017521,0.016992,0.017214,0.675617,0.583946,0.539121,0.527315,0.656273,0.538374,0.44832,0.384335,1.005311,0.857844,0.803524,0.781628,-999.0,0.000398,0.003541,0.016461,0.040899,0.058463,0.043966,0.017197,0.006615,0.004094,0.004521,0.007003,0.011227,0.014863,0.017763,0.02397,0.035157,0.044402,0.039142,0.022223,0.008519,0.002312,0.000451,0.439,0.115,0.296,0.787,1.581,0.051,0.143,0.153,0.368,0.063,2.305,2.982,0.678,0.786,120.0,576.86608,851.0748,74.36692,138.94444,-88.80172,-19.36129,-224.95205,-49.04592,166.24867,0.0,761.12601,805.130439,559.917604,411.707761,41.434235,84.022951,111.473985,87.426267,0.566709,0.287507,0.188063,0.143481,82.483,47.473,31.898,26.495,0.004363,0.010597,0.011136,0.003538,50.624117,51.236688,1.399074,0.022096,0.55492,3.0,10.0,8.0,4.0,3.0,10.0,8.0,4.0,3.0,10.0,8.0,4.0,3.0,10.0,8.0,4.0,0.05371,0.10303,0.19695,0.21071,1.0,1.0,06:01:2018,15:06:12,624.0,-23.5615,-46.734983,786.0,lev20,Almucantar<br>
2010-09-12 18:05:44,Sao_Paulo,255.0,255.753981,0.678515,0.334754,0.220683,0.170615,1.640233,0.6799,0.336,0.221,0.1715,0.6163,0.2671,0.1488,0.0979,0.0637,0.069,0.0722,0.0736,1.64062,0.8711,0.855,0.837,0.829,0.087662,0.048729,0.036013,0.029321,1.305825,1.5173,1.5314,1.547,1.5469,0.021777,0.017067,0.015544,0.014651,0.671081,0.58561,0.552502,0.550207,0.647804,0.529201,0.445258,0.387687,1.025594,0.872628,0.816144,0.791945,-999.0,0.000553,0.006285,0.031532,0.063926,0.067509,0.047825,0.021504,0.009546,0.00617,0.00626,0.008345,0.012381,0.018311,0.024666,0.032358,0.047463,0.065606,0.064216,0.037119,0.013139,0.003254,0.000606,0.439,0.16,0.295,0.848,1.625,0.068,0.135,0.146,0.392,0.091,2.447,3.163,0.666,0.786,120.0,518.6649,811.89351,67.99825,137.72379,-106.59187,-22.6486,-224.38706,-47.67768,172.56018,0.0,645.543044,726.315184,520.48934,394.497817,35.343092,76.594024,104.764082,84.277379,0.642226,0.33843,0.228802,0.17744,82.363,46.851,32.863,27.619,0.004433,0.010704,0.010551,0.003771,52.919082,52.298886,1.335352,0.029153,0.678515,4.0,10.0,8.0,4.0,3.0,10.0,8.0,4.0,3.0,10.0,8.0,4.0,3.0,10.0,8.0,4.0,0.05437,0.10431,0.19919,0.21187,1.0,1.0,29:01:2021,13:06:53,624.0,-23.5615,-46.734983,786.0,lev20,Almucantar<br>
2010-09-12 18:20:33,Sao_Paulo,255.0,255.764271,0.678515,0.334754,0.220683,0.170615,1.640233,0.68,0.336,0.221,0.1718,0.6151,0.266,0.1477,0.097,0.0649,0.0701,0.0733,0.0748,1.640848,0.8666,0.8357,0.8148,0.8068,0.090707,0.055202,0.040928,0.033192,1.161219,1.5285,1.533,1.5435,1.5419,0.02293,0.020732,0.018981,0.017133,0.670605,0.592891,0.562828,0.561305,0.645992,0.534059,0.452123,0.395037,1.040941,0.892307,0.832814,0.80484,-999.0,0.000587,0.00656,0.031511,0.060724,0.062709,0.04629,0.02296,0.00994,0.005902,0.00599,0.008489,0.013008,0.018571,0.024121,0.032499,0.04625,0.065426,0.073526,0.046165,0.015505,0.003423,0.000575,0.439,0.163,0.309,0.927,1.633,0.066,0.135,0.146,0.4,0.097,2.535,3.286,0.666,0.786,120.0,464.71129,752.69828,62.26086,130.86582,-109.16929,-20.95655,-229.7937,-44.11206,159.27127,0.0,571.166629,652.01213,473.172909,360.800942,31.484572,69.688118,96.828898,78.291059,0.668849,0.351293,0.236944,0.183978,81.482,50.109,36.235,30.543,0.004291,0.012108,0.012599,0.003718,56.019176,55.386815,1.340435,0.04072,0.678515,4.0,10.0,8.0,4.0,4.0,10.0,8.0,4.0,4.0,10.0,8.0,4.0,4.0,10.0,8.0,4.0,0.05518,0.10615,0.20309,0.21558,1.0,1.0,29:01:2021,13:06:32,624.0,-23.5615,-46.734983,786.0,lev20,Almucantar<br>
2010-09-12 18:43:31,Sao_Paulo,255.0,255.78022,0.624298,0.313252,0.210339,0.165624,1.590006,0.6259,0.3146,0.2108,0.1663,0.5592,0.2423,0.1351,0.0891,0.0667,0.0723,0.0757,0.0773,1.590077,0.8648,0.841,0.8154,0.8041,0.084597,0.050016,0.038906,0.03259,1.14327,1.5035,1.5216,1.5349,1.534,0.021454,0.018069,0.017562,0.016583,0.670628,0.588867,0.565454,0.570259,0.643113,0.522454,0.441415,0.386711,1.02981,0.880091,0.827867,0.80458,-999.0,0.00062,0.007247,0.03645,0.066033,0.060889,0.041375,0.01975,0.009225,0.006254,0.006851,0.009251,0.012443,0.017832,0.025318,0.033393,0.048068,0.068485,0.071848,0.042967,0.014778,0.003393,0.000568,0.439,0.164,0.3,0.907,1.64,0.066,0.131,0.141,0.401,0.097,2.488,3.23,0.668,0.786,120.0,389.53633,654.56742,54.12745,122.63696,-100.15,-21.57601,-228.42329,-49.21083,140.60333,0.0,471.732319,550.735681,403.876137,309.466511,26.317252,60.348257,85.231368,69.142368,0.697892,0.372139,0.253868,0.199157,81.775,46.755,35.246,30.938,0.004677,0.011663,0.012148,0.003517,60.927581,60.280279,1.449612,0.022639,0.624298,3.0,10.0,8.0,5.0,3.0,10.0,8.0,5.0,3.0,10.0,8.0,5.0,3.0,10.0,8.0,5.0,0.05676,0.10973,0.21058,0.22273,1.0,1.0,29:01:2021,13:06:38,624.0,-23.5615,-46.734983,786.0,lev20,Almucantar<br>
2010-09-12 19:31:39,Sao_Paulo,255.0,255.813646,0.632585,0.316912,0.214228,0.170219,1.583672,0.6343,0.3184,0.2147,0.1711,0.5603,0.2387,0.1317,0.0864,0.074,0.0797,0.083,0.0846,1.583856,0.8614,0.8585,0.846,0.8442,0.087896,0.04507,0.033067,0.026648,1.440487,1.4494,1.4766,1.4943,1.4978,0.019281,0.013385,0.012122,0.010973,0.68464,0.591046,0.56637,0.57254,0.654648,0.515602,0.42695,0.369883,1.030419,0.875193,0.820202,0.795708,-999.0,0.000564,0.005803,0.037735,0.087897,0.077344,0.046096,0.021681,0.009879,0.005931,0.006148,0.009969,0.016527,0.022329,0.027384,0.035075,0.052784,0.079998,0.080397,0.041245,0.014189,0.003561,0.000564,0.439,0.186,0.29,0.847,1.636,0.079,0.132,0.141,0.377,0.107,2.474,3.177,0.657,0.786,120.0,215.22209,427.5206,33.31041,101.61898,-81.27049,-24.16112,-183.54087,-54.56535,103.39181,0.0,239.622243,306.621713,241.068996,190.602844,13.530793,35.65393,55.174058,46.177036,0.860246,0.517414,0.365851,0.293514,91.61,46.48,33.864,29.474,0.004513,0.012215,0.012633,0.004193,71.501437,70.834008,1.283395,0.008035,0.632585,4.0,10.0,7.0,6.0,4.0,10.0,7.0,6.0,4.0,10.0,7.0,6.0,4.0,10.0,7.0,6.0,0.06199,0.12147,0.23472,0.2458,1.0,1.0,29:01:2021,13:07:37,624.0,-23.5615,-46.734983,786.0,lev20,Almucantar<br>
2010-09-12 19:56:17,Sao_Paulo,255.0,255.830752,0.621701,0.309867,0.208225,0.165511,1.599389,0.6236,0.3113,0.2088,0.1662,0.5499,0.2321,0.1256,0.0812,0.0737,0.0792,0.0832,0.085,1.599392,0.8728,0.8616,0.8342,0.8213,0.07935,0.043095,0.034612,0.029709,1.233038,1.5521,1.5449,1.5459,1.5371,0.020937,0.014928,0.014978,0.014721,0.671251,0.605856,0.585649,0.590736,0.641325,0.539155,0.459792,0.401669,1.021329,0.862227,0.813386,0.793478,-999.0,0.000471,0.006264,0.026615,0.045714,0.05236,0.042085,0.019889,0.008674,0.005876,0.006761,0.010105,0.015845,0.023039,0.028952,0.036808,0.051937,0.073677,0.07635,0.044341,0.015714,0.003536,0.000477,0.439,0.162,0.359,1.102,1.57,0.056,0.137,0.148,0.408,0.106,2.448,3.16,0.668,0.786,120.0,131.40557,302.91406,21.84451,82.52694,-65.02894,-20.45714,-148.12622,-46.59831,75.53784,0.0,145.233897,186.058734,153.064155,124.821615,8.129173,22.123408,36.672642,31.818021,0.948776,0.645065,0.458749,0.362496,72.294,42.902,32.312,28.889,0.004395,0.010486,0.011446,0.003902,77.008476,76.335794,1.618903,0.005307,0.621701,4.0,10.0,7.0,6.0,4.0,10.0,7.0,6.0,4.0,10.0,5.0,5.0,4.0,10.0,4.0,6.0,0.06625,0.13104,0.25436,0.26439,1.0,1.0,29:01:2021,13:08:13,624.0,-23.5615,-46.734983,786.0,lev20,Almucantar<br>
2010-09-17 18:19:15,Sao_Paulo,260.0,260.763368,1.414407,0.732531,0.454392,0.331074,1.644612,1.4168,0.7339,0.455,0.3323,1.3613,0.6766,0.3959,0.2717,0.0554,0.0573,0.0592,0.0606,1.645032,0.9108,0.893,0.8684,0.8541,0.12634,0.078493,0.059861,0.048469,1.09229,1.4809,1.492,1.4956,1.4923,0.015385,0.015052,0.015262,0.014814,0.709401,0.623819,0.566409,0.534294,0.700518,0.605922,0.532389,0.479607,1.081735,0.928166,0.863321,0.831562,-999.0,0.001034,0.007214,0.029794,0.072662,0.12215,0.155454,0.104533,0.038521,0.015028,0.009334,0.008701,0.011254,0.019241,0.03248,0.043467,0.052067,0.060138,0.05394,0.033142,0.015172,0.004981,0.001045,0.756,0.242,0.259,0.537,1.475,0.152,0.168,0.185,0.438,0.09,2.727,3.261,0.591,0.786,120.0,409.24681,771.53942,55.4539,152.05106,-169.77608,-41.79671,-165.22876,-40.67722,212.88919,0.0,480.829665,572.156135,435.485804,340.28521,26.098114,60.24623,89.971915,74.329013,0.886579,0.618607,0.430823,0.324922,85.199,65.071,48.423,39.076,0.002997,0.009733,0.010265,0.003072,55.11955,54.477906,1.725457,0.013482,1.414407,4.0,10.0,8.0,4.0,4.0,10.0,8.0,4.0,4.0,10.0,8.0,3.0,4.0,10.0,8.0,4.0,0.05476,0.10483,0.20465,0.21634,1.0,1.0,29:01:2021,14:02:31,624.0,-23.5615,-46.734983,786.0,lev20,Almucantar<br>
2010-09-17 19:58:16,Sao_Paulo,260.0,260.83213,1.135455,0.571063,0.346107,0.248234,1.720434,1.1381,0.5727,0.3468,0.2483,1.1086,0.5423,0.3156,0.2166,0.0295,0.0304,0.0312,0.0318,1.720731,0.9094,0.8875,0.8641,0.8451,0.10307,0.064443,0.047145,0.038474,1.136841,1.4744,1.5078,1.5245,1.5287,0.01616,0.016308,0.016132,0.015879,0.695426,0.584181,0.510983,0.469239,0.687924,0.568768,0.481554,0.422195,1.212525,1.007097,0.921368,0.880688,-999.0,0.00078,0.005818,0.026292,0.076463,0.140246,0.130111,0.056578,0.018567,0.007846,0.005088,0.004471,0.004643,0.0058,0.008978,0.016068,0.029349,0.045401,0.05209,0.04097,0.020105,0.005708,0.00091,0.756,0.191,0.228,0.488,1.58,0.128,0.156,0.168,0.396,0.063,3.54,4.204,0.55,0.786,120.0,111.33306,303.16154,18.72178,91.79529,-82.71379,-29.81975,-102.26047,-36.86666,74.14231,0.0,126.188936,146.987505,126.778289,108.263702,6.859681,16.260558,29.33959,27.106765,0.99449,0.862459,0.647419,0.485675,90.14,60.511,41.436,32.76,0.002845,0.009415,0.009849,0.001931,77.046786,76.36987,7.492855,0.029902,1.135455,4.0,10.0,7.0,6.0,4.0,10.0,7.0,6.0,3.0,9.0,7.0,6.0,2.0,8.0,6.0,6.0,0.06625,0.13037,0.25949,0.26812,1.0,1.0,29:01:2021,14:02:19,624.0,-23.5615,-46.734983,786.0,lev20,Almucantar<br>
2010-09-21 10:07:46,Sao_Paulo,264.0,264.42206,0.862462,0.490951,0.332179,0.257684,1.38446,0.8636,0.4922,0.3324,0.2585,0.8288,0.4561,0.2955,0.2205,0.0349,0.0361,0.0369,0.0379,1.38502,0.8818,0.8764,0.8818,0.8755,0.10208,0.06085,0.039286,0.032182,1.374316,1.4935,1.4632,1.4455,1.4321,0.019191,0.017126,0.014113,0.013708,0.709944,0.675277,0.659033,0.653557,0.69988,0.660131,0.63865,0.626699,1.128825,0.963758,0.879577,0.849568,-999.0,0.000705,0.004908,0.018083,0.039722,0.062602,0.069894,0.053484,0.04145,0.039428,0.033815,0.022346,0.015666,0.015015,0.018299,0.024808,0.03386,0.04105,0.038993,0.02679,0.012782,0.004111,0.000877,0.992,0.168,0.305,0.639,1.419,0.107,0.202,0.244,0.636,0.061,2.914,3.477,0.587,0.786,120.0,158.62962,369.11276,25.49759,99.69684,-87.39271,-29.00471,-133.22785,-44.21691,102.60751,0.0,191.741812,224.99738,178.334822,132.200315,10.634615,25.562443,41.430428,32.893993,0.947236,0.736863,0.582281,0.491704,69.839,69.318,61.334,58.397,0.004565,0.010984,0.011274,0.003618,74.062885,74.742163,3.738224,0.02068,0.862462,4.0,10.0,6.0,6.0,4.0,10.0,7.0,6.0,4.0,10.0,7.0,6.0,4.0,9.0,7.0,4.0,0.06311,0.1243,0.24854,0.26176,1.0,1.0,29:01:2021,14:01:00,624.0,-23.5615,-46.734983,786.0,lev20,Almucantar<br>
2010-09-21 11:16:56,Sao_Paulo,264.0,264.470093,0.744443,0.401664,0.263666,0.201746,1.507095,0.7455,0.4029,0.2642,0.2022,0.6975,0.3524,0.21,0.1455,0.048,0.0505,0.0542,0.0567,1.505903,0.8687,0.8323,0.7952,0.7744,0.097895,0.067551,0.054095,0.045616,0.865705,1.5554,1.5242,1.5166,1.5069,0.025747,0.02857,0.030565,0.030484,0.702126,0.645005,0.601589,0.580715,0.688483,0.620351,0.551681,0.496527,1.024069,0.890885,0.84466,0.828761,-999.0,0.000699,0.003845,0.010418,0.020737,0.045146,0.076647,0.049756,0.019327,0.010324,0.009826,0.012361,0.013622,0.013948,0.01709,0.022405,0.030009,0.037513,0.038667,0.02756,0.012195,0.003471,0.00067,0.576,0.129,0.325,0.751,1.493,0.066,0.178,0.195,0.428,0.064,2.28,3.021,0.724,0.786,120.0,402.57575,702.21089,55.28052,123.04972,-119.18256,-18.28822,-212.87806,-32.66552,157.81149,0.0,520.676501,578.510216,416.609267,308.835593,28.708736,62.016948,87.936908,69.198927,0.719958,0.423668,0.286561,0.221409,76.538,76.362,61.98,52.504,0.003147,0.010749,0.013017,0.004675,58.585315,59.245732,0.827693,0.007697,0.744443,4.0,10.0,7.0,5.0,4.0,10.0,7.0,5.0,4.0,10.0,7.0,5.0,3.0,11.0,7.0,5.0,0.05555,0.10697,0.2102,0.22322,1.0,1.0,29:01:2021,14:01:25,624.0,-23.5615,-46.734983,786.0,lev20,Almucantar<br>
2010-09-21 11:44:40,Sao_Paulo,264.0,264.489352,0.73679,0.385389,0.24878,0.188467,1.577104,0.7374,0.3865,0.2493,0.1891,0.6952,0.3417,0.2019,0.1402,0.0423,0.0448,0.0474,0.0489,1.574961,0.8615,0.8295,0.7947,0.7638,0.10214,0.065908,0.051168,0.044652,1.010232,1.493,1.4958,1.498,1.4921,0.025563,0.025589,0.026146,0.027674,0.705778,0.625931,0.577765,0.55617,0.692891,0.599284,0.525096,0.469672,1.056488,0.912666,0.85844,0.839971,-999.0,0.000607,0.005063,0.020521,0.042502,0.062236,0.074739,0.045839,0.019072,0.009285,0.0068,0.007529,0.010794,0.015701,0.018941,0.021882,0.027314,0.035308,0.03861,0.027967,0.012162,0.003314,0.000599,0.576,0.138,0.272,0.627,1.541,0.077,0.16,0.176,0.437,0.061,2.438,3.151,0.691,0.786,120.0,500.12722,819.53176,66.03088,130.35386,-122.63695,-15.31554,-228.66391,-28.55675,172.28175,0.0,653.596772,713.941424,506.947687,374.175671,35.560165,74.555802,103.38258,80.999525,0.658364,0.367398,0.242512,0.181573,96.45,70.448,54.027,46.992,0.003049,0.010031,0.010872,0.003514,52.553234,53.198533,1.291456,0.018122,0.73679,3.0,10.0,8.0,4.0,3.0,10.0,8.0,4.0,3.0,10.0,8.0,4.0,4.0,10.0,8.0,4.0,0.05391,0.10321,0.20171,0.21475,1.0,1.0,29:01:2021,14:01:39,624.0,-23.5615,-46.734983,786.0,lev20,Almucantar<br>
2010-09-22 10:06:40,Sao_Paulo,265.0,265.421296,0.648024,0.342905,0.229026,0.180189,1.514598,0.6505,0.3432,0.2294,0.1804,0.592,0.2806,0.1642,0.114,0.0585,0.0626,0.0652,0.0664,1.518168,0.8717,0.8524,0.8287,0.8147,0.083461,0.05067,0.039284,0.033424,1.106522,1.33,1.3759,1.3991,1.4099,0.012916,0.011651,0.011664,0.011645,0.712932,0.58561,0.53993,0.535957,0.689508,0.524642,0.42305,0.363987,1.064805,0.921013,0.868826,0.844762,-999.0,0.000468,0.004984,0.036405,0.134559,0.173954,0.088425,0.03106,0.012725,0.007367,0.006156,0.007214,0.010906,0.017807,0.026764,0.03739,0.051718,0.065633,0.063191,0.039227,0.014854,0.00342,0.000481,0.576,0.227,0.229,0.53,1.597,0.134,0.14,0.149,0.358,0.093,2.691,3.303,0.609,0.786,120.0,168.09432,369.64772,28.03483,93.35556,-78.70902,-21.64687,-169.7068,-46.67344,88.29476,0.0,211.295458,246.096869,188.975673,138.818809,11.981908,28.92376,46.091429,36.17352,0.896772,0.587312,0.423462,0.349363,107.52,51.701,37.722,33.838,0.00462,0.012921,0.012784,0.004684,74.070074,74.750047,4.063086,0.076078,0.648024,4.0,10.0,7.0,6.0,4.0,10.0,7.0,5.0,4.0,10.0,7.0,5.0,4.0,10.0,7.0,4.0,0.06368,0.12589,0.25539,0.26942,1.0,1.0,29:01:2021,14:26:47,624.0,-23.5615,-46.734983,786.0,lev20,Almucantar<br>
2010-09-22 10:28:48,Sao_Paulo,265.0,265.436667,0.650353,0.343755,0.230185,0.181653,1.512958,0.6519,0.3452,0.2308,0.1821,0.5968,0.2865,0.17,0.1205,0.0551,0.0587,0.0608,0.0616,1.512135,0.8414,0.8396,0.8245,0.8145,0.10342,0.055373,0.040509,0.033789,1.37725,1.3401,1.3924,1.4217,1.4393,0.017468,0.01379,0.012968,0.012662,0.706532,0.574299,0.528477,0.522152,0.679614,0.508327,0.407423,0.350864,1.11395,0.952983,0.894842,0.866948,-999.0,0.000501,0.004846,0.03589,0.140098,0.179755,0.084001,0.026383,0.010426,0.006487,0.00582,0.006594,0.008737,0.012773,0.019576,0.030449,0.045719,0.059644,0.058428,0.038044,0.015387,0.003738,0.000538,0.576,0.216,0.218,0.489,1.604,0.133,0.139,0.147,0.345,0.082,2.805,3.458,0.609,0.786,120.0,242.99814,481.30071,38.08119,106.56272,-94.48407,-21.98945,-202.33018,-47.08867,108.95998,0.0,295.808859,354.571171,267.122583,197.050858,16.799553,40.68325,62.510704,49.031139,0.808069,0.488243,0.346982,0.283596,122.37,52.088,38.042,34.156,0.025877,0.030523,0.032371,0.02932,69.066058,69.742621,3.785358,0.00482,0.650353,4.0,10.0,7.0,6.0,4.0,10.0,7.0,6.0,4.0,10.0,7.0,6.0,4.0,10.0,7.0,6.0,0.06051,0.11839,0.2386,0.25221,1.0,1.0,29:01:2021,14:26:22,624.0,-23.5615,-46.734983,786.0,lev20,Almucantar<br>
2010-09-22 11:15:44,Sao_Paulo,265.0,265.469259,0.652112,0.347001,0.236654,0.187091,1.478615,0.6538,0.3486,0.2377,0.1876,0.5971,0.2884,0.1756,0.1247,0.0567,0.0602,0.0621,0.0629,1.47574,0.8371,0.8497,0.8341,0.8198,0.1065,0.052394,0.039433,0.033811,1.471338,1.3338,1.3923,1.4287,1.4464,0.016428,0.012006,0.011605,0.011729,0.689548,0.562113,0.522286,0.520511,0.659498,0.491403,0.399318,0.349061,1.115088,0.95022,0.892444,0.866306,-999.0,0.000452,0.008638,0.067061,0.182506,0.167835,0.074423,0.026354,0.011483,0.007152,0.005979,0.006275,0.008143,0.012457,0.020205,0.031955,0.046919,0.059358,0.057324,0.037548,0.015424,0.003809,0.000557,0.576,0.231,0.197,0.434,1.608,0.149,0.13,0.138,0.362,0.082,2.81,3.452,0.605,0.786,120.0,411.63826,702.38134,58.12471,128.70751,-111.04457,-22.55291,-236.52841,-48.0384,150.02777,0.0,519.917847,595.864186,427.784433,315.540148,28.976946,64.554136,92.518531,72.335275,0.666444,0.379505,0.26954,0.215993,109.44,47.092,36.211,33.671,0.028345,0.034416,0.037792,0.03686,58.588018,59.25012,3.335806,0.021997,0.652112,4.0,10.0,7.0,5.0,4.0,10.0,7.0,5.0,4.0,10.0,7.0,5.0,3.0,11.0,7.0,4.0,0.05609,0.10798,0.21517,0.22824,1.0,1.0,29:01:2021,14:27:38,624.0,-23.5615,-46.734983,786.0,lev20,Almucantar<br>
2010-09-22 18:02:06,Sao_Paulo,265.0,265.751458,0.698495,0.365521,0.241561,0.185314,1.545696,0.7005,0.3669,0.2418,0.187,0.6397,0.3034,0.1755,0.1189,0.0607,0.0635,0.0663,0.0681,1.547935,0.879,0.8617,0.8381,0.8227,0.084777,0.050742,0.039139,0.03316,1.135267,1.5125,1.5187,1.5269,1.5244,0.020711,0.017352,0.016702,0.016207,0.701382,0.622954,0.581207,0.567389,0.679919,0.58016,0.502809,0.446982,1.074126,0.91073,0.845564,0.817187,-999.0,0.00048,0.004003,0.016938,0.039524,0.06229,0.066526,0.035099,0.012893,0.006292,0.005653,0.007952,0.01322,0.020698,0.026845,0.035865,0.052987,0.069197,0.063189,0.037262,0.01473,0.003952,0.000712,0.576,0.162,0.349,0.959,1.55,0.067,0.157,0.17,0.416,0.095,2.637,3.25,0.618,0.786,120.0,543.12989,854.85362,71.63364,138.74651,-108.23516,-19.86293,-212.73506,-39.04038,187.70091,0.0,700.549148,766.484818,545.792372,411.543124,38.412908,80.255937,112.653312,89.597356,0.641384,0.356723,0.241325,0.184683,86.54,58.117,41.121,33.913,0.004476,0.010597,0.011161,0.00283,50.83122,50.191297,1.586472,0.045536,0.698495,3.0,10.0,8.0,4.0,3.0,10.0,8.0,4.0,3.0,10.0,8.0,4.0,3.0,10.0,8.0,4.0,0.0542,0.10325,0.2037,0.2155,1.0,1.0,29:01:2021,14:26:22,624.0,-23.5615,-46.734983,786.0,lev20,Almucantar<br>
2010-09-22 18:20:54,Sao_Paulo,265.0,265.764514,0.70527,0.368472,0.243987,0.187004,1.545644,0.7078,0.37,0.2443,0.1884,0.6447,0.3043,0.1762,0.1188,0.0631,0.0657,0.0681,0.0697,1.548514,0.8968,0.876,0.8536,0.8478,0.073061,0.045865,0.035771,0.028669,1.04688,1.5176,1.5284,1.5403,1.5399,0.015788,0.014488,0.014173,0.012873,0.695394,0.618598,0.57777,0.564626,0.671658,0.571688,0.494594,0.440926,1.092899,0.923859,0.854083,0.81739,-999.0,0.000537,0.003788,0.016726,0.044507,0.066756,0.059311,0.034924,0.01312,0.005415,0.004392,0.006566,0.01206,0.020703,0.028848,0.036709,0.050546,0.070591,0.082843,0.062628,0.024977,0.005097,0.000548,0.576,0.177,0.374,1.123,1.586,0.067,0.154,0.167,0.41,0.11,2.92,3.601,0.613,0.786,120.0,482.55324,778.93412,65.26366,137.60028,-103.42879,-25.20029,-201.80244,-49.16889,179.93372,0.0,618.318034,682.728558,490.752637,372.814682,34.210026,72.732013,103.549597,82.90286,0.684918,0.386995,0.26422,0.204397,78.861,53.541,36.886,29.084,0.003041,0.010631,0.011439,0.004493,54.887011,54.234976,1.332507,0.027501,0.70527,4.0,10.0,7.0,4.0,4.0,10.0,4.0,4.0,4.0,10.0,4.0,4.0,4.0,8.0,4.0,4.0,0.0552,0.10556,0.20893,0.22052,1.0,1.0,29:01:2021,14:26:10,624.0,-23.5615,-46.734983,786.0,lev20,Almucantar<br>
2010-09-22 18:48:38,Sao_Paulo,265.0,265.783773,0.703414,0.371731,0.245681,0.188842,1.530376,0.7054,0.373,0.2462,0.1905,0.6442,0.309,0.1796,0.1223,0.0612,0.0641,0.0666,0.0682,1.531161,0.8951,0.8819,0.8561,0.8428,0.07397,0.044044,0.03542,0.029933,1.088749,1.4595,1.4886,1.5036,1.5063,0.015038,0.013025,0.013398,0.013127,0.708672,0.616178,0.571037,0.556239,0.687643,0.572143,0.489764,0.43276,1.064408,0.903245,0.8427,0.813718,-999.0,0.000455,0.004053,0.021021,0.05649,0.078965,0.070051,0.03852,0.014576,0.006066,0.004542,0.006641,0.01326,0.022677,0.028239,0.035835,0.051238,0.070482,0.070045,0.041055,0.014514,0.003452,0.000589,0.576,0.177,0.318,0.861,1.581,0.079,0.152,0.165,0.405,0.098,2.693,3.298,0.608,0.786,120.0,380.76021,656.89266,54.06232,128.18197,-100.26213,-26.89739,-196.47,-52.70714,157.10336,0.0,476.850838,544.909451,399.855941,306.17175,26.729207,59.770523,87.65108,70.673321,0.748523,0.439426,0.300726,0.231875,90.386,55.328,39.164,32.22,0.003513,0.011463,0.012193,0.004672,60.98508,60.320053,2.228721,0.02337,0.703414,3.0,10.0,8.0,5.0,3.0,10.0,8.0,4.0,3.0,10.0,7.0,4.0,3.0,10.0,6.0,4.0,0.05719,0.11007,0.21892,0.23014,1.0,1.0,29:01:2021,14:26:13,624.0,-23.5615,-46.734983,786.0,lev20,Almucantar<br>
2010-09-22 19:35:33,Sao_Paulo,265.0,265.816354,0.708803,0.375707,0.251692,0.196391,1.50801,0.7113,0.3771,0.2523,0.1978,0.6431,0.3053,0.1777,0.1217,0.0682,0.0719,0.0746,0.0761,1.50941,0.8687,0.8655,0.8445,0.8337,0.093378,0.050709,0.039228,0.032899,1.282243,1.4216,1.4499,1.4642,1.4678,0.018359,0.013578,0.013199,0.012727,0.724468,0.629934,0.588344,0.577589,0.700187,0.578599,0.495061,0.43932,1.100971,0.924443,0.861301,0.831774,-999.0,0.000618,0.003652,0.020218,0.068174,0.093135,0.072466,0.04238,0.018934,0.008066,0.005093,0.006201,0.012198,0.023566,0.033455,0.042803,0.060351,0.08455,0.082075,0.046066,0.01734,0.004476,0.00072,0.576,0.203,0.324,0.889,1.582,0.09,0.153,0.166,0.407,0.113,2.78,3.366,0.591,0.786,120.0,204.82154,429.7449,32.60935,102.32586,-87.71318,-24.20972,-170.71605,-47.11935,107.0291,0.0,234.488216,293.697283,231.41865,183.687127,13.275241,34.018815,54.946421,46.043453,0.888366,0.58208,0.413938,0.325932,105.27,60.323,43.989,37.395,0.004193,0.011922,0.012743,0.00492,71.503519,70.825781,2.130133,0.008565,0.708803,4.0,10.0,7.0,6.0,4.0,10.0,7.0,5.0,4.0,10.0,7.0,5.0,4.0,10.0,7.0,5.0,0.06251,0.12222,0.24536,0.25553,1.0,1.0,29:01:2021,14:26:32,624.0,-23.5615,-46.734983,786.0,lev20,Almucantar<br>
2010-09-22 20:00:01,Sao_Paulo,265.0,265.833345,0.711023,0.378304,0.25423,0.199646,1.498065,0.7137,0.3797,0.2549,0.2007,0.6452,0.307,0.179,0.1233,0.0685,0.0727,0.0758,0.0774,1.499558,0.8703,0.8663,0.8402,0.8257,0.092558,0.05077,0.040725,0.034989,1.219287,1.4337,1.4642,1.4785,1.4819,0.018742,0.014055,0.014305,0.014236,0.720601,0.624874,0.585645,0.577314,0.695777,0.571586,0.48711,0.431515,1.092134,0.921579,0.866142,0.840875,-999.0,0.000549,0.0047,0.022647,0.061861,0.093162,0.07718,0.036767,0.014998,0.008287,0.006923,0.007872,0.011384,0.018906,0.03009,0.044155,0.063582,0.082011,0.07333,0.040521,0.015144,0.003887,0.000652,0.576,0.195,0.315,0.854,1.58,0.088,0.152,0.164,0.409,0.107,2.718,3.299,0.591,0.786,120.0,122.83672,304.21889,21.07934,83.65209,-70.46941,-21.06529,-136.48316,-40.79867,76.42135,0.0,139.1287,173.076837,143.690926,117.657483,7.800695,20.326339,35.468093,30.937698,0.964738,0.720802,0.529676,0.420266,106.62,60.558,44.767,38.57,0.017053,0.021924,0.022426,0.015559,77.04418,76.364022,2.191581,0.005068,0.711023,4.0,10.0,7.0,6.0,4.0,10.0,7.0,5.0,4.0,9.0,7.0,6.0,4.0,10.0,7.0,6.0,0.06688,0.13219,0.26677,0.27615,1.0,1.0,29:01:2021,14:27:04,624.0,-23.5615,-46.734983,786.0,lev20,Almucantar<br>
2010-09-23 10:27:47,Sao_Paulo,266.0,266.435961,0.816933,0.441488,0.293092,0.227222,1.489853,0.8179,0.4426,0.2936,0.2281,0.7635,0.3862,0.2348,0.1676,0.0544,0.0565,0.0588,0.0605,1.488811,0.8721,0.8681,0.8448,0.8305,0.10458,0.058385,0.045552,0.03866,1.228238,1.4104,1.4453,1.4574,1.4597,0.018013,0.01452,0.014661,0.014621,0.714909,0.620565,0.58261,0.572573,0.698309,0.587887,0.52592,0.490282,1.098926,0.927958,0.865473,0.838293,-999.0,0.000456,0.005251,0.033855,0.092875,0.108819,0.080898,0.047174,0.026591,0.016136,0.011224,0.010135,0.012809,0.019085,0.026958,0.036586,0.051861,0.066402,0.057599,0.031313,0.011981,0.003177,0.00053,0.756,0.204,0.259,0.607,1.55,0.116,0.154,0.171,0.49,0.088,2.717,3.247,0.58,0.786,120.0,233.40585,482.65614,36.39454,111.76059,-104.00874,-27.24318,-174.51907,-45.71206,121.57915,0.0,285.025222,339.37103,256.345863,189.807772,16.037201,38.520935,59.498785,46.955436,0.872383,0.589219,0.42729,0.347935,102.34,58.705,45.497,40.623,0.005007,0.011974,0.012318,0.004487,69.04978,69.727236,2.19768,0.016012,0.816933,4.0,10.0,6.0,6.0,4.0,10.0,6.0,6.0,4.0,10.0,6.0,6.0,4.0,10.0,6.0,6.0,0.06047,0.1183,0.23845,0.25216,1.0,1.0,29:01:2021,15:20:12,624.0,-23.5615,-46.734983,786.0,lev20,Almucantar<br>
2010-10-06 18:29:27,Sao_Paulo,279.0,279.770451,0.563626,0.317178,0.219858,0.171655,1.370618,0.5654,0.3179,0.2199,0.1732,0.5305,0.2815,0.1819,0.1342,0.0348,0.0365,0.038,0.039,1.374686,0.8838,0.8677,0.8437,0.8332,0.065698,0.042058,0.034373,0.028883,0.955335,1.3872,1.4143,1.4289,1.4337,0.014172,0.013801,0.014578,0.014384,0.710176,0.65348,0.628999,0.617543,0.693901,0.625637,0.585545,0.557524,1.106907,0.945604,0.886748,0.857805,-999.0,0.000391,0.014403,0.071866,0.07296,0.045666,0.040053,0.042539,0.03564,0.022053,0.011098,0.006479,0.006706,0.011482,0.018624,0.023778,0.029306,0.03733,0.041287,0.030413,0.013143,0.003376,0.000536,0.756,0.157,0.219,0.523,1.603,0.098,0.14,0.164,0.595,0.06,2.9,3.52,0.604,0.786,120.0,499.1863,776.71586,69.04441,132.90711,-89.6685,-17.85683,-213.95645,-42.60787,169.77385,0.0,644.672177,695.980249,493.615984,373.18139,36.946674,76.00084,106.53929,84.920301,0.622252,0.353452,0.248063,0.193516,86.958,59.472,54.218,51.651,0.009398,0.015367,0.015469,0.008299,55.322169,54.647027,2.020537,0.03607,0.563626,4.0,10.0,8.0,4.0,4.0,10.0,8.0,4.0,4.0,10.0,8.0,4.0,4.0,10.0,8.0,4.0,0.0571,0.10816,0.2137,0.22566,1.0,1.0,29:01:2021,16:09:24,624.0,-23.5615,-46.734983,786.0,lev20,Almucantar<br>
2010-10-06 18:54:28,Sao_Paulo,279.0,279.787824,0.530689,0.300068,0.208591,0.163756,1.359511,0.5338,0.3009,0.2088,0.1642,0.5044,0.2705,0.1774,0.1321,0.0294,0.0305,0.0315,0.0321,1.366591,0.8867,0.874,0.8418,0.8138,0.060482,0.037914,0.033034,0.030572,0.904182,1.33,1.3698,1.3878,1.3909,0.011248,0.010652,0.012445,0.013719,0.716755,0.645412,0.622394,0.617282,0.700364,0.616819,0.578584,0.557585,1.152319,0.976701,0.919341,0.895086,-999.0,0.000383,0.015144,0.091525,0.113367,0.067565,0.045418,0.040772,0.035949,0.023478,0.012529,0.007731,0.006954,0.009085,0.014245,0.02192,0.030646,0.038059,0.037931,0.026236,0.011517,0.003142,0.000534,0.992,0.178,0.192,0.41,1.557,0.124,0.136,0.159,0.604,0.053,3.175,3.697,0.542,0.786,120.0,406.81178,662.38617,58.9837,123.41286,-84.98906,-18.67672,-215.49709,-47.35644,146.70296,0.0,519.546983,573.396971,411.270819,312.221338,30.277575,64.611804,92.213047,73.662738,0.668108,0.381648,0.266326,0.203446,95.555,56.905,51.323,51.036,0.017876,0.021976,0.023662,0.01686,60.979869,60.299172,2.164878,0.056858,0.530689,3.0,10.0,8.0,5.0,3.0,10.0,8.0,5.0,3.0,10.0,8.0,5.0,3.0,10.0,8.0,5.0,0.05905,0.11264,0.22349,0.23504,1.0,1.0,29:01:2021,16:10:11,624.0,-23.5615,-46.734983,786.0,lev20,Almucantar<br>
2010-10-06 20:05:07,Sao_Paulo,279.0,279.836887,0.426426,0.243298,0.168791,0.133067,1.348145,0.4284,0.2441,0.1692,0.1334,0.4042,0.219,0.1433,0.107,0.0243,0.0251,0.0259,0.0264,1.351338,0.8936,0.8911,0.872,0.8607,0.045571,0.026577,0.021653,0.01859,1.103902,1.4371,1.4341,1.4387,1.4383,0.015469,0.013557,0.014221,0.014301,0.751656,0.697181,0.663537,0.646799,0.737024,0.673938,0.62765,0.597868,1.15291,0.976875,0.915447,0.885956,-999.0,0.000504,0.002415,0.009241,0.024008,0.035173,0.034615,0.033173,0.030128,0.019497,0.009546,0.005766,0.005641,0.007944,0.012154,0.017586,0.02417,0.029855,0.027704,0.017465,0.007679,0.002285,0.000429,0.992,0.097,0.318,0.719,1.474,0.056,0.193,0.225,0.576,0.041,3.058,3.558,0.544,0.786,120.0,148.70053,304.71147,25.99329,81.73174,-48.54125,-17.27604,-149.55478,-53.22719,77.71655,0.0,175.012938,208.677228,165.715644,132.960011,10.437546,26.139114,42.942896,36.342611,0.897961,0.581761,0.412637,0.317682,115.33,84.141,69.67,63.113,0.078601,0.054616,0.047238,0.039202,77.085991,76.402088,1.747089,0.006788,0.426426,4.0,10.0,7.0,6.0,4.0,10.0,7.0,6.0,4.0,10.0,7.0,6.0,4.0,10.0,7.0,6.0,0.06932,0.13621,0.27366,0.28293,1.0,1.0,29:01:2021,16:09:08,624.0,-23.5615,-46.734983,786.0,lev20,Almucantar<br>
2010-10-13 18:57:09,Sao_Paulo,286.0,286.789688,0.238468,0.126312,0.096213,0.080778,1.341128,0.24,0.1278,0.0961,0.0809,0.1976,0.0816,0.0483,0.0325,0.0424,0.0461,0.0478,0.0485,1.349761,-999.0,-999.0,-999.0,-999.0,-999.0,-999.0,-999.0,-999.0,-999.0,-999.0,-999.0,-999.0,-999.0,-999.0,-999.0,-999.0,-999.0,0.705501,0.647365,0.6374,0.64569,0.658391,0.541937,0.460004,0.405706,1.004315,0.862431,0.835894,0.816429,-999.0,0.000271,0.003235,0.013068,0.021401,0.021816,0.017104,0.009083,0.00424,0.003022,0.00388,0.006172,0.008392,0.010556,0.014022,0.019035,0.025347,0.032097,0.034842,0.026159,0.010826,0.002161,0.0002,0.439,0.078,0.376,1.191,1.567,0.025,0.134,0.146,0.423,0.053,2.415,3.189,0.7,0.786,120.0,466.45308,665.86711,66.65403,118.50029,-39.1047,-11.25285,-227.14079,-65.3625,109.35291,0.0,603.731178,642.892801,445.708585,334.351832,35.289887,71.984842,100.310828,78.860705,0.472125,0.20964,0.145234,0.117713,-999.0,-999.0,-999.0,-999.0,-999.0,-999.0,-999.0,-999.0,60.967865,60.283167,1.427398,0.033161,0.238468,3.0,10.0,8.0,5.0,3.0,10.0,8.0,5.0,3.0,10.0,8.0,5.0,3.0,10.0,8.0,5.0,0.05871,0.11164,0.22426,0.2351,1.0,1.0,29:01:2021,17:06:21,624.0,-23.5615,-46.734983,786.0,lev20,Almucantar<br>
2010-10-21 18:34:01,Sao_Paulo,294.0,294.773623,0.711824,0.380064,0.261332,0.206353,1.462648,0.714,0.3812,0.2616,0.2075,0.6463,0.308,0.1847,0.1287,0.0678,0.0733,0.077,0.0788,1.465315,0.8688,0.8423,0.8194,0.8092,0.093716,0.060133,0.047249,0.039588,1.003231,1.4033,1.4208,1.4326,1.4337,0.017143,0.01599,0.015967,0.015518,0.721374,0.644035,0.613635,0.60841,0.699627,0.595667,0.526399,0.480032,1.043535,0.906809,0.858161,0.837046,-999.0,0.000601,0.007118,0.03859,0.082256,0.082788,0.067341,0.047185,0.026823,0.014636,0.010151,0.010564,0.015414,0.024563,0.031828,0.035864,0.046388,0.064921,0.069057,0.042646,0.01572,0.003985,0.000759,0.576,0.201,0.278,0.714,1.585,0.101,0.148,0.164,0.47,0.1,2.5,3.166,0.658,0.786,120.0,488.78324,790.32195,67.38538,134.89925,-116.69361,-17.9784,-226.41327,-34.88236,181.14964,0.0,600.8459,667.834365,481.402133,366.767,33.125757,70.816549,103.68394,82.855241,0.681512,0.387864,0.273841,0.216838,100.34,63.506,51.743,47.536,0.005581,0.012159,0.012641,0.004756,54.958719,54.27315,2.089569,0.045573,0.711824,4.0,10.0,8.0,4.0,4.0,10.0,8.0,4.0,4.0,10.0,8.0,4.0,4.0,10.0,8.0,4.0,0.05502,0.10509,0.21325,0.22402,1.0,1.0,29:01:2021,17:06:40,624.0,-23.5615,-46.734983,786.0,lev20,Almucantar<br>
2010-10-21 19:00:35,Sao_Paulo,294.0,294.792072,0.648688,0.34497,0.239024,0.191388,1.458837,0.6508,0.3462,0.2395,0.192,0.5837,0.2732,0.1631,0.114,0.0672,0.0729,0.0764,0.078,1.460414,0.8672,0.8513,0.828,0.818,0.086409,0.051476,0.041195,0.034944,1.094375,1.3706,1.3915,1.4041,1.4071,0.015324,0.01348,0.013739,0.013537,0.727888,0.645527,0.619014,0.617912,0.704193,0.589842,0.518601,0.472991,1.041603,0.906286,0.862283,0.843061,-999.0,0.000696,0.004894,0.033194,0.100614,0.093238,0.062835,0.043118,0.026632,0.014907,0.00995,0.010275,0.01512,0.023137,0.030635,0.036404,0.04856,0.067619,0.069714,0.040864,0.014318,0.003532,0.000673,0.576,0.204,0.273,0.69,1.586,0.105,0.148,0.162,0.456,0.099,2.516,3.166,0.647,0.786,120.0,396.31535,666.94973,57.18332,125.21379,-102.38237,-19.71994,-219.17895,-42.21621,155.61351,0.0,476.590969,546.915734,399.5153,306.102496,26.667691,59.838115,89.493416,71.767687,0.718193,0.411532,0.292209,0.233495,105.68,60.625,49.979,46.901,0.00412,0.013233,0.013656,0.005548,61.035546,60.349088,1.735684,0.021386,0.648688,3.0,10.0,8.0,5.0,3.0,10.0,8.0,5.0,3.0,10.0,8.0,5.0,3.0,10.0,8.0,5.0,0.0569,0.10958,0.22349,0.23365,1.0,1.0,29:01:2021,17:10:13,624.0,-23.5615,-46.734983,786.0,lev20,Almucantar<br>
2010-10-21 19:46:16,Sao_Paulo,294.0,294.823796,0.576803,0.308461,0.215084,0.171536,1.441901,0.5796,0.3099,0.2156,0.172,0.513,0.2386,0.1406,0.095,0.0666,0.0713,0.075,0.077,1.445136,0.877,0.8876,0.8744,0.864,0.071267,0.034828,0.027088,0.023397,1.438676,1.4421,1.4465,1.4544,1.4477,0.016124,0.010316,0.009885,0.009876,0.725279,0.659801,0.634673,0.634751,0.697475,0.605263,0.539644,0.494399,1.058871,0.890938,0.841969,0.825844,-999.0,0.000472,0.004241,0.022877,0.051905,0.052674,0.048103,0.039597,0.020949,0.010417,0.008313,0.009974,0.013714,0.020405,0.028723,0.035491,0.049122,0.072467,0.076801,0.044165,0.015435,0.003608,0.00054,0.576,0.171,0.351,0.996,1.559,0.069,0.155,0.172,0.474,0.102,2.638,3.296,0.631,0.786,120.0,231.60343,437.71597,37.08737,105.26534,-73.96688,-23.78534,-175.74261,-56.5131,113.56525,0.0,260.443303,322.022409,247.994506,194.009303,14.829983,37.523178,60.448154,49.47024,0.844777,0.527318,0.38312,0.305485,95.683,59.514,48.106,45.08,0.014315,0.019866,0.020476,0.013854,71.474362,70.790406,1.147451,0.01018,0.576803,4.0,10.0,7.0,6.0,4.0,10.0,7.0,6.0,4.0,10.0,7.0,6.0,4.0,10.0,7.0,6.0,0.06197,0.12164,0.25029,0.2589,1.0,1.0,29:01:2021,17:09:25,624.0,-23.5615,-46.734983,786.0,lev20,Almucantar<br>
2010-10-21 20:11:58,Sao_Paulo,294.0,294.841644,0.548636,0.295235,0.206054,0.167968,1.431004,0.5513,0.2967,0.2066,0.1692,0.4893,0.2303,0.137,0.0981,0.062,0.0664,0.0696,0.0711,1.433851,0.8796,0.8868,0.8699,0.8534,0.066386,0.033592,0.026887,0.0248,1.347186,1.4255,1.4337,1.444,1.4509,0.015739,0.010698,0.010759,0.011756,0.741874,0.669516,0.637867,0.628111,0.715007,0.615548,0.54199,0.490696,1.068378,0.904535,0.85681,0.838754,-999.0,0.000551,0.003243,0.015658,0.043754,0.055422,0.051662,0.043081,0.021981,0.009482,0.006667,0.008346,0.012705,0.018453,0.026268,0.035246,0.046918,0.064116,0.066834,0.040888,0.016519,0.004156,0.000538,0.576,0.161,0.357,0.977,1.548,0.067,0.162,0.179,0.451,0.094,2.666,3.322,0.631,0.786,120.0,138.36597,303.10494,24.04155,84.34275,-58.69281,-20.07625,-145.9898,-49.93675,80.55756,0.0,153.584949,190.643862,154.703708,123.979161,8.696594,22.826948,39.640674,33.375628,0.938213,0.65139,0.479795,0.387435,108.12,66.514,52.873,47.901,0.025934,0.029478,0.030826,0.025354,77.314629,76.635089,1.435063,0.006027,0.548636,4.0,10.0,7.0,6.0,4.0,10.0,7.0,6.0,4.0,10.0,7.0,6.0,4.0,10.0,7.0,6.0,0.06642,0.13221,0.27366,0.28088,1.0,1.0,29:01:2021,17:08:49,624.0,-23.5615,-46.734983,786.0,lev20,Almucantar<br>
2010-10-28 18:36:53,Sao_Paulo,301.0,301.775613,0.270704,0.155099,0.124687,0.104046,1.148862,0.2735,0.1573,0.1239,0.1054,0.2089,0.0884,0.0527,0.0331,0.0646,0.069,0.0712,0.0723,1.169668,-999.0,-999.0,-999.0,-999.0,-999.0,-999.0,-999.0,-999.0,-999.0,-999.0,-999.0,-999.0,-999.0,-999.0,-999.0,-999.0,-999.0,0.676099,0.639951,0.64798,0.668684,0.577534,0.444369,0.378098,0.341648,1.096649,0.926635,0.861851,0.821868,-999.0,0.002926,0.022543,0.050935,0.043468,0.023588,0.011768,0.006059,0.003667,0.003166,0.004202,0.007254,0.012065,0.016355,0.020168,0.025569,0.035121,0.052922,0.073432,0.067211,0.029843,0.005437,0.000385,0.439,0.141,0.294,1.205,1.755,0.045,0.102,0.11,0.415,0.095,2.866,3.749,0.672,0.786,120.0,555.83459,793.70261,76.00976,129.19476,-55.92561,-10.50966,-278.08001,-52.25741,127.01363,0.0,718.230399,753.89676,523.360782,394.868251,39.819817,79.665411,113.672256,89.992942,0.419499,0.197703,0.151557,0.132189,-999.0,-999.0,-999.0,-999.0,-999.0,-999.0,-999.0,-999.0,54.960079,54.273376,1.757464,0.086265,0.270704,4.0,10.0,8.0,4.0,4.0,10.0,8.0,4.0,4.0,10.0,8.0,4.0,4.0,10.0,8.0,4.0,0.05509,0.10492,0.2157,0.22656,1.0,1.0,29:01:2021,17:30:27,624.0,-23.5615,-46.734983,786.0,lev20,Almucantar<br>
2010-10-28 19:03:11,Sao_Paulo,301.0,301.793877,0.249178,0.141293,0.112778,0.098482,1.174303,0.2516,0.1423,0.113,0.1,0.1911,0.0776,0.046,0.0319,0.0604,0.0648,0.0671,0.0681,1.185007,-999.0,-999.0,-999.0,-999.0,-999.0,-999.0,-999.0,-999.0,-999.0,-999.0,-999.0,-999.0,-999.0,-999.0,-999.0,-999.0,-999.0,0.704684,0.66663,0.664819,0.673284,0.627958,0.519165,0.447704,0.402599,1.040664,0.874492,0.83272,0.811959,-999.0,0.000758,0.005673,0.016242,0.021079,0.018007,0.012409,0.006799,0.003765,0.00305,0.003996,0.006878,0.011809,0.017072,0.020266,0.024979,0.036893,0.055624,0.062739,0.042408,0.015867,0.003211,0.000349,0.439,0.106,0.476,1.658,1.474,0.023,0.123,0.135,0.45,0.082,2.631,3.383,0.66,0.786,120.0,462.20363,671.03896,65.94124,118.99207,-45.02981,-11.39468,-243.64987,-61.65499,116.18728,0.0,593.09954,634.900456,441.369794,330.579095,33.617286,69.622584,100.132401,78.419782,0.474062,0.22409,0.166909,0.141655,-999.0,-999.0,-999.0,-999.0,-999.0,-999.0,-999.0,-999.0,60.977153,60.291285,1.877229,0.052187,0.249178,3.0,10.0,8.0,5.0,3.0,10.0,8.0,5.0,3.0,10.0,6.0,5.0,3.0,10.0,5.0,5.0,0.05693,0.10935,0.22604,0.23639,1.0,1.0,29:01:2021,17:29:46,624.0,-23.5615,-46.734983,786.0,lev20,Almucantar<br>
2010-11-03 18:39:31,Sao_Paulo,307.0,307.777442,0.532599,0.270296,0.190207,0.154946,1.511053,0.5338,0.2724,0.1911,0.1571,0.4697,0.2035,0.1187,0.083,0.0641,0.0689,0.0724,0.0741,1.506543,0.9003,0.8888,0.8747,0.8674,0.053228,0.03029,0.023944,0.020837,1.181447,1.4102,1.4277,1.4454,1.4535,0.010761,0.008694,0.008672,0.00874,0.700085,0.624306,0.604669,0.607517,0.670034,0.552562,0.480379,0.435811,1.017528,0.879909,0.83333,0.813201,-999.0,0.000405,0.007791,0.041701,0.073628,0.068287,0.047935,0.024975,0.012078,0.007743,0.007526,0.009607,0.013461,0.020562,0.029833,0.039502,0.049873,0.062628,0.063296,0.038975,0.013673,0.002943,0.000414,0.576,0.173,0.281,0.792,1.621,0.078,0.135,0.148,0.45,0.095,2.542,3.16,0.632,0.786,120.0,526.02216,795.7248,72.9837,139.79123,-79.10158,-21.56627,-211.63539,-57.70031,171.84323,0.0,668.468042,722.474432,509.971588,383.205987,37.283562,76.803536,112.148396,88.381876,0.606575,0.315692,0.225593,0.183503,83.953,49.681,39.962,36.497,0.010527,0.017778,0.019192,0.012655,54.981619,54.295511,1.859423,0.089856,0.532599,4.0,10.0,8.0,4.0,4.0,10.0,8.0,4.0,4.0,10.0,5.0,4.0,4.0,9.0,4.0,4.0,0.05554,0.10534,0.21784,0.22883,1.0,1.0,29:01:2021,18:05:18,624.0,-23.5615,-46.734983,786.0,lev20,Almucantar<br>
2010-11-03 19:06:01,Sao_Paulo,307.0,307.795845,0.587494,0.298059,0.20844,0.169482,1.519714,0.5892,0.2994,0.2086,0.1709,0.5214,0.2261,0.1321,0.0928,0.0678,0.0733,0.0765,0.078,1.522118,0.9002,0.8917,0.8753,0.8654,0.058783,0.032434,0.02601,0.022993,1.210509,1.3366,1.3633,1.3838,1.395,0.008967,0.007378,0.007632,0.007928,0.71195,0.620119,0.596932,0.599975,0.682552,0.54075,0.45386,0.399701,1.013246,0.895721,0.856883,0.83986,-999.0,0.00036,0.008474,0.062906,0.130809,0.109933,0.07417,0.040464,0.016074,0.007261,0.006093,0.009238,0.015831,0.02243,0.029672,0.039528,0.054606,0.065982,0.05519,0.028222,0.009485,0.002369,0.000468,0.576,0.214,0.225,0.526,1.579,0.123,0.134,0.145,0.41,0.091,2.438,2.987,0.615,0.786,120.0,413.53825,671.59443,60.39341,131.19267,-84.20549,-24.67903,-204.97588,-60.07453,157.738,-0.0,509.60462,574.457632,414.935269,315.104184,28.809222,63.029432,94.981342,75.498828,0.699907,0.382659,0.274338,0.222908,95.902,50.79,41.444,38.949,0.018834,0.02698,0.030129,0.026244,61.033125,60.349058,2.042837,0.026108,0.587494,3.0,10.0,8.0,5.0,3.0,10.0,8.0,5.0,3.0,10.0,8.0,5.0,3.0,10.0,8.0,5.0,0.05735,0.10975,0.22821,0.23866,1.0,1.0,29:01:2021,18:06:35,624.0,-23.5615,-46.734983,786.0,lev20,Almucantar<br>
2010-11-03 19:52:12,Sao_Paulo,307.0,307.827917,0.462623,0.234638,0.164792,0.13526,1.514568,0.4641,0.2356,0.1653,0.136,0.4092,0.1759,0.1033,0.073,0.0549,0.0597,0.062,0.063,1.514494,0.8951,0.8997,0.8839,0.8689,0.048672,0.023642,0.019192,0.017828,1.392093,1.3301,1.3526,1.3714,1.3808,0.009298,0.00646,0.0068,0.007523,0.724779,0.632971,0.606489,0.608416,0.697209,0.557674,0.471579,0.420122,1.011953,0.886794,0.847763,0.832289,-999.0,0.000405,0.005123,0.03259,0.090768,0.101079,0.059013,0.027659,0.014107,0.008863,0.00717,0.007698,0.01088,0.018055,0.027731,0.035353,0.04509,0.055282,0.049788,0.027448,0.009511,0.002287,0.000404,0.576,0.173,0.25,0.607,1.581,0.093,0.141,0.153,0.414,0.08,2.479,3.053,0.619,0.786,120.0,244.6273,439.71844,39.79489,103.57092,-59.9324,-21.37733,-185.39939,-66.13024,105.82481,0.0,286.79246,345.1205,259.823414,200.649726,16.594663,40.640501,65.124647,52.508449,0.795827,0.443613,0.316085,0.253375,98.52,50.008,39.374,36.972,0.003608,0.011794,0.012226,0.004865,71.513946,70.836602,2.65385,0.00388,0.462623,4.0,10.0,7.0,6.0,4.0,10.0,7.0,6.0,4.0,10.0,7.0,6.0,4.0,10.0,7.0,5.0,0.06227,0.12165,0.25556,0.26463,1.0,1.0,29:01:2021,18:06:14,624.0,-23.5615,-46.734983,786.0,lev20,Almucantar<br>
2010-11-05 09:52:17,Sao_Paulo,309.0,309.411308,0.359573,0.180414,0.121196,0.095892,1.589497,0.3605,0.1812,0.1218,0.0968,0.3285,0.146,0.0844,0.0585,0.0321,0.0353,0.0375,0.0383,1.585932,-999.0,-999.0,-999.0,-999.0,-999.0,-999.0,-999.0,-999.0,-999.0,-999.0,-999.0,-999.0,-999.0,-999.0,-999.0,-999.0,-999.0,0.729588,0.658624,0.627399,0.621769,0.711783,0.614736,0.539053,0.486141,1.014833,0.88965,0.853905,0.841547,-999.0,0.00047,0.002647,0.010029,0.025408,0.04148,0.040119,0.023533,0.011803,0.007404,0.006351,0.006753,0.008226,0.010711,0.013541,0.016651,0.020967,0.02613,0.026983,0.018788,0.007951,0.002,0.0003,0.576,0.089,0.299,0.723,1.533,0.045,0.162,0.178,0.451,0.044,2.334,3.032,0.698,0.786,120.0,285.98316,489.04534,45.21925,100.37408,-54.27647,-13.2647,-213.76099,-52.24135,96.59317,0.0,374.934174,417.766033,299.232004,216.02759,21.793073,48.604919,73.878504,56.20037,0.669118,0.324491,0.217109,0.171766,-999.0,-999.0,-999.0,-999.0,-999.0,-999.0,-999.0,-999.0,69.214736,69.892789,3.393988,0.021549,0.359573,4.0,10.0,7.0,6.0,4.0,9.0,6.0,6.0,4.0,8.0,5.0,6.0,4.0,7.0,5.0,5.0,0.06053,0.11811,0.24903,0.26166,1.0,1.0,29:01:2021,18:07:19,624.0,-23.5615,-46.734983,786.0,lev20,Almucantar<br>
